annotation_file,selected_object_count,split
aachen_000000_000019_gtFine_polygons.json,16,train
aachen_000001_000019_gtFine_polygons.json,15,train
aachen_000002_000019_gtFine_polygons.json,9,train
aachen_000003_000019_gtFine_polygons.json,11,train
aachen_000004_000019_gtFine_polygons.json,25,train
aachen_000005_000019_gtFine_polygons.json,30,train
aachen_000006_000019_gtFine_polygons.json,24,train
aachen_000007_000019_gtFine_polygons.json,2,train
aachen_000008_000019_gtFine_polygons.json,18,train
aachen_000009_000019_gtFine_polygons.json,15,train
aachen_000010_000019_gtFine_polygons.json,33,train
aachen_000011_000019_gtFine_polygons.json,30,train
aachen_000012_000019_gtFine_polygons.json,38,train
aachen_000013_000019_gtFine_polygons.json,33,train
aachen_000014_000019_gtFine_polygons.json,33,train
aachen_000015_000019_gtFine_polygons.json,38,train
aachen_000016_000019_gtFine_polygons.json,50,train
aachen_000017_000019_gtFine_polygons.json,22,train
aachen_000018_000019_gtFine_polygons.json,32,train
aachen_000019_000019_gtFine_polygons.json,40,train
aachen_000020_000019_gtFine_polygons.json,19,train
aachen_000021_000019_gtFine_polygons.json,32,train
aachen_000022_000019_gtFine_polygons.json,19,train
aachen_000023_000019_gtFine_polygons.json,9,train
aachen_000024_000019_gtFine_polygons.json,6,train
aachen_000025_000019_gtFine_polygons.json,15,train
aachen_000026_000019_gtFine_polygons.json,28,train
aachen_000027_000019_gtFine_polygons.json,28,train
aachen_000028_000019_gtFine_polygons.json,12,train
aachen_000029_000019_gtFine_polygons.json,33,train
aachen_000030_000019_gtFine_polygons.json,16,train
aachen_000031_000019_gtFine_polygons.json,19,train
aachen_000032_000019_gtFine_polygons.json,11,train
aachen_000033_000019_gtFine_polygons.json,27,train
aachen_000034_000019_gtFine_polygons.json,30,train
aachen_000035_000019_gtFine_polygons.json,9,train
aachen_000036_000019_gtFine_polygons.json,9,train
aachen_000037_000019_gtFine_polygons.json,8,train
aachen_000038_000019_gtFine_polygons.json,11,train
aachen_000039_000019_gtFine_polygons.json,7,train
aachen_000040_000019_gtFine_polygons.json,21,train
aachen_000041_000019_gtFine_polygons.json,21,train
aachen_000042_000019_gtFine_polygons.json,31,train
aachen_000043_000019_gtFine_polygons.json,14,train
aachen_000044_000019_gtFine_polygons.json,11,train
aachen_000045_000019_gtFine_polygons.json,14,train
aachen_000046_000019_gtFine_polygons.json,21,train
aachen_000047_000019_gtFine_polygons.json,26,train
aachen_000048_000019_gtFine_polygons.json,34,train
aachen_000049_000019_gtFine_polygons.json,25,train
aachen_000050_000019_gtFine_polygons.json,26,train
aachen_000051_000019_gtFine_polygons.json,10,train
aachen_000052_000019_gtFine_polygons.json,23,train
aachen_000053_000019_gtFine_polygons.json,21,train
aachen_000054_000019_gtFine_polygons.json,17,train
aachen_000055_000019_gtFine_polygons.json,6,train
aachen_000056_000019_gtFine_polygons.json,9,train
aachen_000057_000019_gtFine_polygons.json,12,train
aachen_000058_000019_gtFine_polygons.json,20,train
aachen_000059_000019_gtFine_polygons.json,26,train
aachen_000060_000019_gtFine_polygons.json,41,train
aachen_000061_000019_gtFine_polygons.json,60,train
aachen_000062_000019_gtFine_polygons.json,25,train
aachen_000063_000019_gtFine_polygons.json,12,train
aachen_000064_000019_gtFine_polygons.json,28,train
aachen_000065_000019_gtFine_polygons.json,27,train
aachen_000066_000019_gtFine_polygons.json,37,train
aachen_000067_000019_gtFine_polygons.json,34,train
aachen_000068_000019_gtFine_polygons.json,10,train
aachen_000069_000019_gtFine_polygons.json,15,train
aachen_000070_000019_gtFine_polygons.json,27,train
aachen_000071_000019_gtFine_polygons.json,38,train
aachen_000072_000019_gtFine_polygons.json,13,train
aachen_000073_000019_gtFine_polygons.json,14,train
aachen_000074_000019_gtFine_polygons.json,15,train
aachen_000075_000019_gtFine_polygons.json,13,train
aachen_000076_000019_gtFine_polygons.json,16,train
aachen_000077_000019_gtFine_polygons.json,17,train
aachen_000078_000019_gtFine_polygons.json,13,train
aachen_000079_000019_gtFine_polygons.json,17,train
aachen_000080_000019_gtFine_polygons.json,50,train
aachen_000081_000019_gtFine_polygons.json,21,train
aachen_000082_000019_gtFine_polygons.json,13,train
aachen_000083_000019_gtFine_polygons.json,21,train
aachen_000084_000019_gtFine_polygons.json,46,train
aachen_000085_000019_gtFine_polygons.json,31,train
aachen_000086_000019_gtFine_polygons.json,21,train
aachen_000087_000019_gtFine_polygons.json,36,train
aachen_000088_000019_gtFine_polygons.json,14,train
aachen_000089_000019_gtFine_polygons.json,37,train
aachen_000090_000019_gtFine_polygons.json,30,train
aachen_000091_000019_gtFine_polygons.json,14,train
aachen_000092_000019_gtFine_polygons.json,31,train
aachen_000093_000019_gtFine_polygons.json,8,train
aachen_000094_000019_gtFine_polygons.json,10,train
aachen_000095_000019_gtFine_polygons.json,16,train
aachen_000096_000019_gtFine_polygons.json,6,train
aachen_000097_000019_gtFine_polygons.json,10,train
aachen_000098_000019_gtFine_polygons.json,12,train
aachen_000099_000019_gtFine_polygons.json,27,train
aachen_000100_000019_gtFine_polygons.json,18,train
aachen_000101_000019_gtFine_polygons.json,22,train
aachen_000102_000019_gtFine_polygons.json,26,train
aachen_000103_000019_gtFine_polygons.json,14,train
aachen_000104_000019_gtFine_polygons.json,14,train
aachen_000105_000019_gtFine_polygons.json,9,train
aachen_000106_000019_gtFine_polygons.json,22,train
aachen_000107_000019_gtFine_polygons.json,36,train
aachen_000108_000019_gtFine_polygons.json,25,train
aachen_000109_000019_gtFine_polygons.json,32,train
aachen_000110_000019_gtFine_polygons.json,23,train
aachen_000111_000019_gtFine_polygons.json,33,train
aachen_000112_000019_gtFine_polygons.json,12,train
aachen_000113_000019_gtFine_polygons.json,16,train
aachen_000114_000019_gtFine_polygons.json,12,train
aachen_000115_000019_gtFine_polygons.json,17,train
aachen_000116_000019_gtFine_polygons.json,24,train
aachen_000117_000019_gtFine_polygons.json,39,train
aachen_000118_000019_gtFine_polygons.json,39,train
aachen_000119_000019_gtFine_polygons.json,26,train
aachen_000120_000019_gtFine_polygons.json,28,train
aachen_000121_000019_gtFine_polygons.json,11,train
aachen_000122_000019_gtFine_polygons.json,20,train
aachen_000123_000019_gtFine_polygons.json,22,train
aachen_000124_000019_gtFine_polygons.json,34,train
aachen_000125_000019_gtFine_polygons.json,12,train
aachen_000126_000019_gtFine_polygons.json,14,train
aachen_000127_000019_gtFine_polygons.json,18,train
aachen_000128_000019_gtFine_polygons.json,34,train
aachen_000129_000019_gtFine_polygons.json,21,train
aachen_000130_000019_gtFine_polygons.json,31,train
aachen_000131_000019_gtFine_polygons.json,41,train
aachen_000132_000019_gtFine_polygons.json,19,train
aachen_000133_000019_gtFine_polygons.json,15,train
aachen_000134_000019_gtFine_polygons.json,21,train
aachen_000135_000019_gtFine_polygons.json,14,train
aachen_000136_000019_gtFine_polygons.json,29,train
aachen_000137_000019_gtFine_polygons.json,29,train
aachen_000138_000019_gtFine_polygons.json,19,train
aachen_000139_000019_gtFine_polygons.json,12,train
aachen_000140_000019_gtFine_polygons.json,24,train
aachen_000141_000019_gtFine_polygons.json,13,train
aachen_000142_000019_gtFine_polygons.json,24,train
aachen_000143_000019_gtFine_polygons.json,15,train
aachen_000144_000019_gtFine_polygons.json,18,train
aachen_000145_000019_gtFine_polygons.json,31,train
aachen_000146_000019_gtFine_polygons.json,18,train
aachen_000147_000019_gtFine_polygons.json,36,train
aachen_000148_000019_gtFine_polygons.json,9,train
aachen_000149_000019_gtFine_polygons.json,5,train
aachen_000150_000019_gtFine_polygons.json,11,train
aachen_000151_000019_gtFine_polygons.json,5,train
aachen_000152_000019_gtFine_polygons.json,4,train
aachen_000153_000019_gtFine_polygons.json,2,train
aachen_000154_000019_gtFine_polygons.json,21,train
aachen_000155_000019_gtFine_polygons.json,3,train
aachen_000156_000019_gtFine_polygons.json,5,train
aachen_000157_000019_gtFine_polygons.json,4,train
aachen_000158_000019_gtFine_polygons.json,5,train
aachen_000159_000019_gtFine_polygons.json,4,train
aachen_000160_000019_gtFine_polygons.json,13,train
aachen_000161_000019_gtFine_polygons.json,12,train
aachen_000162_000019_gtFine_polygons.json,14,train
aachen_000163_000019_gtFine_polygons.json,24,train
aachen_000164_000019_gtFine_polygons.json,15,train
aachen_000165_000019_gtFine_polygons.json,7,train
aachen_000166_000019_gtFine_polygons.json,20,train
aachen_000167_000019_gtFine_polygons.json,6,train
aachen_000168_000019_gtFine_polygons.json,32,train
aachen_000169_000019_gtFine_polygons.json,8,train
aachen_000170_000019_gtFine_polygons.json,29,train
aachen_000171_000019_gtFine_polygons.json,25,train
aachen_000172_000019_gtFine_polygons.json,23,train
aachen_000173_000019_gtFine_polygons.json,3,train
bochum_000000_000313_gtFine_polygons.json,13,train
bochum_000000_000600_gtFine_polygons.json,14,train
bochum_000000_000885_gtFine_polygons.json,19,train
bochum_000000_001097_gtFine_polygons.json,9,train
bochum_000000_001519_gtFine_polygons.json,17,train
bochum_000000_001828_gtFine_polygons.json,18,train
bochum_000000_002293_gtFine_polygons.json,13,train
bochum_000000_002562_gtFine_polygons.json,5,train
bochum_000000_003005_gtFine_polygons.json,14,train
bochum_000000_003245_gtFine_polygons.json,18,train
bochum_000000_003674_gtFine_polygons.json,9,train
bochum_000000_004032_gtFine_polygons.json,8,train
bochum_000000_004229_gtFine_polygons.json,6,train
bochum_000000_004748_gtFine_polygons.json,22,train
bochum_000000_005537_gtFine_polygons.json,13,train
bochum_000000_005936_gtFine_polygons.json,10,train
bochum_000000_006026_gtFine_polygons.json,5,train
bochum_000000_006484_gtFine_polygons.json,5,train
bochum_000000_006746_gtFine_polygons.json,15,train
bochum_000000_007150_gtFine_polygons.json,22,train
bochum_000000_007651_gtFine_polygons.json,29,train
bochum_000000_007950_gtFine_polygons.json,12,train
bochum_000000_008162_gtFine_polygons.json,10,train
bochum_000000_008448_gtFine_polygons.json,24,train
bochum_000000_008804_gtFine_polygons.json,15,train
bochum_000000_009554_gtFine_polygons.json,5,train
bochum_000000_009951_gtFine_polygons.json,26,train
bochum_000000_010562_gtFine_polygons.json,17,train
bochum_000000_010700_gtFine_polygons.json,7,train
bochum_000000_011255_gtFine_polygons.json,19,train
bochum_000000_011711_gtFine_polygons.json,16,train
bochum_000000_013209_gtFine_polygons.json,26,train
bochum_000000_013705_gtFine_polygons.json,5,train
bochum_000000_014332_gtFine_polygons.json,15,train
bochum_000000_014658_gtFine_polygons.json,15,train
bochum_000000_014803_gtFine_polygons.json,19,train
bochum_000000_015038_gtFine_polygons.json,15,train
bochum_000000_015321_gtFine_polygons.json,12,train
bochum_000000_015645_gtFine_polygons.json,11,train
bochum_000000_015880_gtFine_polygons.json,12,train
bochum_000000_016125_gtFine_polygons.json,2,train
bochum_000000_016260_gtFine_polygons.json,9,train
bochum_000000_016591_gtFine_polygons.json,25,train
bochum_000000_016758_gtFine_polygons.json,20,train
bochum_000000_017216_gtFine_polygons.json,18,train
bochum_000000_017453_gtFine_polygons.json,14,train
bochum_000000_018195_gtFine_polygons.json,20,train
bochum_000000_019188_gtFine_polygons.json,9,train
bochum_000000_020673_gtFine_polygons.json,24,train
bochum_000000_020776_gtFine_polygons.json,21,train
bochum_000000_020899_gtFine_polygons.json,16,train
bochum_000000_021070_gtFine_polygons.json,12,train
bochum_000000_021325_gtFine_polygons.json,13,train
bochum_000000_021393_gtFine_polygons.json,16,train
bochum_000000_021479_gtFine_polygons.json,19,train
bochum_000000_021606_gtFine_polygons.json,20,train
bochum_000000_022210_gtFine_polygons.json,13,train
bochum_000000_022414_gtFine_polygons.json,18,train
bochum_000000_023040_gtFine_polygons.json,12,train
bochum_000000_023174_gtFine_polygons.json,8,train
bochum_000000_023435_gtFine_polygons.json,15,train
bochum_000000_023648_gtFine_polygons.json,9,train
bochum_000000_024196_gtFine_polygons.json,14,train
bochum_000000_024343_gtFine_polygons.json,14,train
bochum_000000_024524_gtFine_polygons.json,6,train
bochum_000000_024717_gtFine_polygons.json,5,train
bochum_000000_024855_gtFine_polygons.json,7,train
bochum_000000_025746_gtFine_polygons.json,16,train
bochum_000000_025833_gtFine_polygons.json,15,train
bochum_000000_026056_gtFine_polygons.json,11,train
bochum_000000_026634_gtFine_polygons.json,1,train
bochum_000000_027057_gtFine_polygons.json,2,train
bochum_000000_027699_gtFine_polygons.json,19,train
bochum_000000_027951_gtFine_polygons.json,24,train
bochum_000000_028297_gtFine_polygons.json,16,train
bochum_000000_028764_gtFine_polygons.json,17,train
bochum_000000_029203_gtFine_polygons.json,16,train
bochum_000000_029721_gtFine_polygons.json,12,train
bochum_000000_030913_gtFine_polygons.json,6,train
bochum_000000_031152_gtFine_polygons.json,0,train
bochum_000000_031477_gtFine_polygons.json,2,train
bochum_000000_031687_gtFine_polygons.json,4,train
bochum_000000_031922_gtFine_polygons.json,1,train
bochum_000000_032169_gtFine_polygons.json,10,train
bochum_000000_033056_gtFine_polygons.json,10,train
bochum_000000_033331_gtFine_polygons.json,7,train
bochum_000000_033531_gtFine_polygons.json,10,train
bochum_000000_033714_gtFine_polygons.json,26,train
bochum_000000_034936_gtFine_polygons.json,18,train
bochum_000000_035958_gtFine_polygons.json,31,train
bochum_000000_036606_gtFine_polygons.json,23,train
bochum_000000_037039_gtFine_polygons.json,16,train
bochum_000000_037223_gtFine_polygons.json,24,train
bochum_000000_037829_gtFine_polygons.json,6,train
bochum_000000_038022_gtFine_polygons.json,15,train
bochum_000000_038150_gtFine_polygons.json,20,train
bremen_000000_000019_gtFine_polygons.json,7,train
bremen_000001_000019_gtFine_polygons.json,5,train
bremen_000002_000019_gtFine_polygons.json,1,train
bremen_000003_000019_gtFine_polygons.json,7,train
bremen_000004_000019_gtFine_polygons.json,14,train
bremen_000005_000019_gtFine_polygons.json,21,train
bremen_000006_000019_gtFine_polygons.json,21,train
bremen_000007_000019_gtFine_polygons.json,12,train
bremen_000008_000019_gtFine_polygons.json,15,train
bremen_000009_000019_gtFine_polygons.json,20,train
bremen_000010_000019_gtFine_polygons.json,18,train
bremen_000011_000019_gtFine_polygons.json,20,train
bremen_000012_000019_gtFine_polygons.json,52,train
bremen_000013_000019_gtFine_polygons.json,17,train
bremen_000014_000019_gtFine_polygons.json,3,train
bremen_000015_000019_gtFine_polygons.json,5,train
bremen_000016_000019_gtFine_polygons.json,16,train
bremen_000017_000019_gtFine_polygons.json,37,train
bremen_000018_000019_gtFine_polygons.json,11,train
bremen_000019_000019_gtFine_polygons.json,22,train
bremen_000020_000019_gtFine_polygons.json,9,train
bremen_000021_000019_gtFine_polygons.json,15,train
bremen_000022_000019_gtFine_polygons.json,9,train
bremen_000023_000019_gtFine_polygons.json,12,train
bremen_000024_000019_gtFine_polygons.json,3,train
bremen_000025_000019_gtFine_polygons.json,4,train
bremen_000026_000019_gtFine_polygons.json,14,train
bremen_000027_000019_gtFine_polygons.json,10,train
bremen_000028_000019_gtFine_polygons.json,5,train
bremen_000029_000019_gtFine_polygons.json,20,train
bremen_000030_000019_gtFine_polygons.json,9,train
bremen_000031_000019_gtFine_polygons.json,7,train
bremen_000032_000019_gtFine_polygons.json,8,train
bremen_000033_000019_gtFine_polygons.json,4,train
bremen_000034_000019_gtFine_polygons.json,11,train
bremen_000035_000019_gtFine_polygons.json,13,train
bremen_000036_000019_gtFine_polygons.json,5,train
bremen_000037_000019_gtFine_polygons.json,6,train
bremen_000038_000019_gtFine_polygons.json,11,train
bremen_000039_000019_gtFine_polygons.json,4,train
bremen_000040_000019_gtFine_polygons.json,4,train
bremen_000041_000019_gtFine_polygons.json,4,train
bremen_000042_000019_gtFine_polygons.json,7,train
bremen_000043_000019_gtFine_polygons.json,5,train
bremen_000044_000019_gtFine_polygons.json,26,train
bremen_000045_000019_gtFine_polygons.json,32,train
bremen_000046_000019_gtFine_polygons.json,8,train
bremen_000047_000019_gtFine_polygons.json,12,train
bremen_000048_000019_gtFine_polygons.json,6,train
bremen_000049_000019_gtFine_polygons.json,3,train
bremen_000050_000019_gtFine_polygons.json,11,train
bremen_000051_000019_gtFine_polygons.json,12,train
bremen_000052_000019_gtFine_polygons.json,46,train
bremen_000053_000019_gtFine_polygons.json,22,train
bremen_000054_000019_gtFine_polygons.json,22,train
bremen_000055_000019_gtFine_polygons.json,12,train
bremen_000056_000019_gtFine_polygons.json,24,train
bremen_000057_000019_gtFine_polygons.json,3,train
bremen_000058_000019_gtFine_polygons.json,9,train
bremen_000059_000019_gtFine_polygons.json,15,train
bremen_000060_000019_gtFine_polygons.json,26,train
bremen_000061_000019_gtFine_polygons.json,17,train
bremen_000062_000019_gtFine_polygons.json,8,train
bremen_000063_000019_gtFine_polygons.json,12,train
bremen_000064_000019_gtFine_polygons.json,4,train
bremen_000065_000019_gtFine_polygons.json,11,train
bremen_000066_000019_gtFine_polygons.json,15,train
bremen_000067_000019_gtFine_polygons.json,26,train
bremen_000068_000019_gtFine_polygons.json,16,train
bremen_000069_000019_gtFine_polygons.json,36,train
bremen_000070_000019_gtFine_polygons.json,22,train
bremen_000071_000019_gtFine_polygons.json,17,train
bremen_000072_000019_gtFine_polygons.json,12,train
bremen_000073_000019_gtFine_polygons.json,4,train
bremen_000074_000019_gtFine_polygons.json,22,train
bremen_000075_000019_gtFine_polygons.json,11,train
bremen_000076_000019_gtFine_polygons.json,17,train
bremen_000077_000019_gtFine_polygons.json,18,train
bremen_000078_000019_gtFine_polygons.json,23,train
bremen_000079_000019_gtFine_polygons.json,22,train
bremen_000080_000019_gtFine_polygons.json,25,train
bremen_000081_000019_gtFine_polygons.json,11,train
bremen_000082_000019_gtFine_polygons.json,8,train
bremen_000083_000019_gtFine_polygons.json,26,train
bremen_000084_000019_gtFine_polygons.json,15,train
bremen_000085_000019_gtFine_polygons.json,14,train
bremen_000086_000019_gtFine_polygons.json,14,train
bremen_000087_000019_gtFine_polygons.json,9,train
bremen_000088_000019_gtFine_polygons.json,13,train
bremen_000089_000019_gtFine_polygons.json,12,train
bremen_000090_000019_gtFine_polygons.json,10,train
bremen_000091_000019_gtFine_polygons.json,10,train
bremen_000092_000019_gtFine_polygons.json,16,train
bremen_000093_000019_gtFine_polygons.json,16,train
bremen_000094_000019_gtFine_polygons.json,16,train
bremen_000095_000019_gtFine_polygons.json,14,train
bremen_000096_000019_gtFine_polygons.json,14,train
bremen_000097_000019_gtFine_polygons.json,18,train
bremen_000098_000019_gtFine_polygons.json,36,train
bremen_000099_000019_gtFine_polygons.json,42,train
bremen_000100_000019_gtFine_polygons.json,45,train
bremen_000101_000019_gtFine_polygons.json,33,train
bremen_000102_000019_gtFine_polygons.json,43,train
bremen_000103_000019_gtFine_polygons.json,34,train
bremen_000104_000019_gtFine_polygons.json,27,train
bremen_000105_000019_gtFine_polygons.json,38,train
bremen_000106_000019_gtFine_polygons.json,12,train
bremen_000107_000019_gtFine_polygons.json,9,train
bremen_000108_000019_gtFine_polygons.json,23,train
bremen_000109_000019_gtFine_polygons.json,20,train
bremen_000110_000019_gtFine_polygons.json,24,train
bremen_000111_000019_gtFine_polygons.json,17,train
bremen_000112_000019_gtFine_polygons.json,19,train
bremen_000113_000019_gtFine_polygons.json,10,train
bremen_000114_000019_gtFine_polygons.json,9,train
bremen_000115_000019_gtFine_polygons.json,17,train
bremen_000116_000019_gtFine_polygons.json,12,train
bremen_000117_000019_gtFine_polygons.json,14,train
bremen_000118_000019_gtFine_polygons.json,17,train
bremen_000119_000019_gtFine_polygons.json,13,train
bremen_000120_000019_gtFine_polygons.json,13,train
bremen_000121_000019_gtFine_polygons.json,11,train
bremen_000122_000019_gtFine_polygons.json,18,train
bremen_000123_000019_gtFine_polygons.json,13,train
bremen_000124_000019_gtFine_polygons.json,21,train
bremen_000125_000019_gtFine_polygons.json,6,train
bremen_000126_000019_gtFine_polygons.json,8,train
bremen_000127_000019_gtFine_polygons.json,4,train
bremen_000128_000019_gtFine_polygons.json,11,train
bremen_000129_000019_gtFine_polygons.json,9,train
bremen_000130_000019_gtFine_polygons.json,13,train
bremen_000131_000019_gtFine_polygons.json,12,train
bremen_000132_000019_gtFine_polygons.json,13,train
bremen_000133_000019_gtFine_polygons.json,17,train
bremen_000134_000019_gtFine_polygons.json,14,train
bremen_000135_000019_gtFine_polygons.json,11,train
bremen_000136_000019_gtFine_polygons.json,15,train
bremen_000137_000019_gtFine_polygons.json,13,train
bremen_000138_000019_gtFine_polygons.json,9,train
bremen_000139_000019_gtFine_polygons.json,20,train
bremen_000140_000019_gtFine_polygons.json,17,train
bremen_000141_000019_gtFine_polygons.json,28,train
bremen_000142_000019_gtFine_polygons.json,13,train
bremen_000143_000019_gtFine_polygons.json,13,train
bremen_000144_000019_gtFine_polygons.json,7,train
bremen_000145_000019_gtFine_polygons.json,10,train
bremen_000146_000019_gtFine_polygons.json,8,train
bremen_000147_000019_gtFine_polygons.json,7,train
bremen_000148_000019_gtFine_polygons.json,6,train
bremen_000149_000019_gtFine_polygons.json,15,train
bremen_000150_000019_gtFine_polygons.json,16,train
bremen_000151_000019_gtFine_polygons.json,13,train
bremen_000152_000019_gtFine_polygons.json,8,train
bremen_000153_000019_gtFine_polygons.json,14,train
bremen_000154_000019_gtFine_polygons.json,5,train
bremen_000155_000019_gtFine_polygons.json,15,train
bremen_000156_000019_gtFine_polygons.json,5,train
bremen_000157_000019_gtFine_polygons.json,5,train
bremen_000158_000019_gtFine_polygons.json,17,train
bremen_000159_000019_gtFine_polygons.json,4,train
bremen_000160_000019_gtFine_polygons.json,5,train
bremen_000161_000019_gtFine_polygons.json,5,train
bremen_000162_000019_gtFine_polygons.json,3,train
bremen_000163_000019_gtFine_polygons.json,10,train
bremen_000164_000019_gtFine_polygons.json,8,train
bremen_000165_000019_gtFine_polygons.json,4,train
bremen_000166_000019_gtFine_polygons.json,11,train
bremen_000167_000019_gtFine_polygons.json,10,train
bremen_000168_000019_gtFine_polygons.json,7,train
bremen_000169_000019_gtFine_polygons.json,7,train
bremen_000170_000019_gtFine_polygons.json,4,train
bremen_000171_000019_gtFine_polygons.json,15,train
bremen_000172_000019_gtFine_polygons.json,15,train
bremen_000173_000019_gtFine_polygons.json,13,train
bremen_000174_000019_gtFine_polygons.json,7,train
bremen_000175_000019_gtFine_polygons.json,31,train
bremen_000176_000019_gtFine_polygons.json,28,train
bremen_000177_000019_gtFine_polygons.json,17,train
bremen_000178_000019_gtFine_polygons.json,20,train
bremen_000179_000019_gtFine_polygons.json,16,train
bremen_000180_000019_gtFine_polygons.json,14,train
bremen_000181_000019_gtFine_polygons.json,13,train
bremen_000182_000019_gtFine_polygons.json,19,train
bremen_000183_000019_gtFine_polygons.json,6,train
bremen_000184_000019_gtFine_polygons.json,7,train
bremen_000185_000019_gtFine_polygons.json,9,train
bremen_000186_000019_gtFine_polygons.json,6,train
bremen_000187_000019_gtFine_polygons.json,9,train
bremen_000188_000019_gtFine_polygons.json,11,train
bremen_000189_000019_gtFine_polygons.json,8,train
bremen_000190_000019_gtFine_polygons.json,4,train
bremen_000191_000019_gtFine_polygons.json,2,train
bremen_000192_000019_gtFine_polygons.json,7,train
bremen_000193_000019_gtFine_polygons.json,13,train
bremen_000194_000019_gtFine_polygons.json,10,train
bremen_000195_000019_gtFine_polygons.json,5,train
bremen_000196_000019_gtFine_polygons.json,13,train
bremen_000197_000019_gtFine_polygons.json,16,train
bremen_000198_000019_gtFine_polygons.json,21,train
bremen_000199_000019_gtFine_polygons.json,9,train
bremen_000200_000019_gtFine_polygons.json,8,train
bremen_000201_000019_gtFine_polygons.json,32,train
bremen_000202_000019_gtFine_polygons.json,21,train
bremen_000203_000019_gtFine_polygons.json,15,train
bremen_000204_000019_gtFine_polygons.json,13,train
bremen_000205_000019_gtFine_polygons.json,20,train
bremen_000206_000019_gtFine_polygons.json,17,train
bremen_000207_000019_gtFine_polygons.json,14,train
bremen_000208_000019_gtFine_polygons.json,18,train
bremen_000209_000019_gtFine_polygons.json,21,train
bremen_000210_000019_gtFine_polygons.json,23,train
bremen_000211_000019_gtFine_polygons.json,17,train
bremen_000212_000019_gtFine_polygons.json,16,train
bremen_000213_000019_gtFine_polygons.json,14,train
bremen_000214_000019_gtFine_polygons.json,14,train
bremen_000215_000019_gtFine_polygons.json,17,train
bremen_000216_000019_gtFine_polygons.json,24,train
bremen_000217_000019_gtFine_polygons.json,24,train
bremen_000218_000019_gtFine_polygons.json,25,train
bremen_000219_000019_gtFine_polygons.json,26,train
bremen_000220_000019_gtFine_polygons.json,20,train
bremen_000221_000019_gtFine_polygons.json,41,train
bremen_000222_000019_gtFine_polygons.json,28,train
bremen_000223_000019_gtFine_polygons.json,22,train
bremen_000224_000019_gtFine_polygons.json,26,train
bremen_000225_000019_gtFine_polygons.json,16,train
bremen_000226_000019_gtFine_polygons.json,13,train
bremen_000227_000019_gtFine_polygons.json,17,train
bremen_000228_000019_gtFine_polygons.json,13,train
bremen_000229_000019_gtFine_polygons.json,18,train
bremen_000230_000019_gtFine_polygons.json,3,train
bremen_000231_000019_gtFine_polygons.json,10,train
bremen_000232_000019_gtFine_polygons.json,8,train
bremen_000233_000019_gtFine_polygons.json,9,train
bremen_000234_000019_gtFine_polygons.json,18,train
bremen_000235_000019_gtFine_polygons.json,9,train
bremen_000236_000019_gtFine_polygons.json,9,train
bremen_000237_000019_gtFine_polygons.json,17,train
bremen_000238_000019_gtFine_polygons.json,13,train
bremen_000239_000019_gtFine_polygons.json,4,train
bremen_000240_000019_gtFine_polygons.json,16,train
bremen_000241_000019_gtFine_polygons.json,18,train
bremen_000242_000019_gtFine_polygons.json,9,train
bremen_000243_000019_gtFine_polygons.json,12,train
bremen_000244_000019_gtFine_polygons.json,6,train
bremen_000245_000019_gtFine_polygons.json,11,train
bremen_000246_000019_gtFine_polygons.json,19,train
bremen_000247_000019_gtFine_polygons.json,18,train
bremen_000248_000019_gtFine_polygons.json,26,train
bremen_000249_000019_gtFine_polygons.json,34,train
bremen_000250_000019_gtFine_polygons.json,27,train
bremen_000251_000019_gtFine_polygons.json,9,train
bremen_000252_000019_gtFine_polygons.json,22,train
bremen_000253_000019_gtFine_polygons.json,17,train
bremen_000254_000019_gtFine_polygons.json,34,train
bremen_000255_000019_gtFine_polygons.json,30,train
bremen_000256_000019_gtFine_polygons.json,21,train
bremen_000257_000019_gtFine_polygons.json,30,train
bremen_000258_000019_gtFine_polygons.json,29,train
bremen_000259_000019_gtFine_polygons.json,10,train
bremen_000260_000019_gtFine_polygons.json,18,train
bremen_000261_000019_gtFine_polygons.json,14,train
bremen_000262_000019_gtFine_polygons.json,12,train
bremen_000263_000019_gtFine_polygons.json,11,train
bremen_000264_000019_gtFine_polygons.json,21,train
bremen_000265_000019_gtFine_polygons.json,22,train
bremen_000266_000019_gtFine_polygons.json,13,train
bremen_000267_000019_gtFine_polygons.json,4,train
bremen_000268_000019_gtFine_polygons.json,20,train
bremen_000269_000019_gtFine_polygons.json,19,train
bremen_000270_000019_gtFine_polygons.json,11,train
bremen_000271_000019_gtFine_polygons.json,6,train
bremen_000272_000019_gtFine_polygons.json,2,train
bremen_000273_000019_gtFine_polygons.json,17,train
bremen_000274_000019_gtFine_polygons.json,23,train
bremen_000275_000019_gtFine_polygons.json,20,train
bremen_000276_000019_gtFine_polygons.json,22,train
bremen_000277_000019_gtFine_polygons.json,8,train
bremen_000278_000019_gtFine_polygons.json,18,train
bremen_000279_000019_gtFine_polygons.json,22,train
bremen_000280_000019_gtFine_polygons.json,8,train
bremen_000281_000019_gtFine_polygons.json,8,train
bremen_000282_000019_gtFine_polygons.json,12,train
bremen_000283_000019_gtFine_polygons.json,14,train
bremen_000284_000019_gtFine_polygons.json,8,train
bremen_000285_000019_gtFine_polygons.json,21,train
bremen_000286_000019_gtFine_polygons.json,24,train
bremen_000287_000019_gtFine_polygons.json,21,train
bremen_000288_000019_gtFine_polygons.json,23,train
bremen_000289_000019_gtFine_polygons.json,11,train
bremen_000290_000019_gtFine_polygons.json,7,train
bremen_000291_000019_gtFine_polygons.json,11,train
bremen_000292_000019_gtFine_polygons.json,13,train
bremen_000293_000019_gtFine_polygons.json,12,train
bremen_000294_000019_gtFine_polygons.json,8,train
bremen_000295_000019_gtFine_polygons.json,16,train
bremen_000296_000019_gtFine_polygons.json,9,train
bremen_000297_000019_gtFine_polygons.json,6,train
bremen_000298_000019_gtFine_polygons.json,11,train
bremen_000299_000019_gtFine_polygons.json,9,train
bremen_000300_000019_gtFine_polygons.json,21,train
bremen_000301_000019_gtFine_polygons.json,12,train
bremen_000302_000019_gtFine_polygons.json,5,train
bremen_000303_000019_gtFine_polygons.json,12,train
bremen_000304_000019_gtFine_polygons.json,19,train
bremen_000305_000019_gtFine_polygons.json,17,train
bremen_000306_000019_gtFine_polygons.json,16,train
bremen_000307_000019_gtFine_polygons.json,10,train
bremen_000308_000019_gtFine_polygons.json,13,train
bremen_000309_000019_gtFine_polygons.json,11,train
bremen_000310_000019_gtFine_polygons.json,18,train
bremen_000311_000019_gtFine_polygons.json,18,train
bremen_000312_000019_gtFine_polygons.json,21,train
bremen_000313_000019_gtFine_polygons.json,19,train
bremen_000314_000019_gtFine_polygons.json,22,train
bremen_000315_000019_gtFine_polygons.json,15,train
cologne_000000_000019_gtFine_polygons.json,11,train
cologne_000001_000019_gtFine_polygons.json,25,train
cologne_000002_000019_gtFine_polygons.json,11,train
cologne_000003_000019_gtFine_polygons.json,18,train
cologne_000004_000019_gtFine_polygons.json,15,train
cologne_000005_000019_gtFine_polygons.json,8,train
cologne_000006_000019_gtFine_polygons.json,24,train
cologne_000007_000019_gtFine_polygons.json,20,train
cologne_000008_000019_gtFine_polygons.json,26,train
cologne_000009_000019_gtFine_polygons.json,24,train
cologne_000010_000019_gtFine_polygons.json,15,train
cologne_000011_000019_gtFine_polygons.json,8,train
cologne_000012_000019_gtFine_polygons.json,19,train
cologne_000013_000019_gtFine_polygons.json,12,train
cologne_000014_000019_gtFine_polygons.json,10,train
cologne_000015_000019_gtFine_polygons.json,33,train
cologne_000016_000019_gtFine_polygons.json,22,train
cologne_000017_000019_gtFine_polygons.json,18,train
cologne_000018_000019_gtFine_polygons.json,29,train
cologne_000019_000019_gtFine_polygons.json,20,train
cologne_000020_000019_gtFine_polygons.json,43,train
cologne_000021_000019_gtFine_polygons.json,14,train
cologne_000022_000019_gtFine_polygons.json,29,train
cologne_000023_000019_gtFine_polygons.json,34,train
cologne_000024_000019_gtFine_polygons.json,14,train
cologne_000025_000019_gtFine_polygons.json,26,train
cologne_000026_000019_gtFine_polygons.json,16,train
cologne_000027_000019_gtFine_polygons.json,15,train
cologne_000028_000019_gtFine_polygons.json,10,train
cologne_000029_000019_gtFine_polygons.json,18,train
cologne_000030_000019_gtFine_polygons.json,12,train
cologne_000031_000019_gtFine_polygons.json,16,train
cologne_000032_000019_gtFine_polygons.json,18,train
cologne_000033_000019_gtFine_polygons.json,12,train
cologne_000034_000019_gtFine_polygons.json,11,train
cologne_000035_000019_gtFine_polygons.json,16,train
cologne_000036_000019_gtFine_polygons.json,24,train
cologne_000037_000019_gtFine_polygons.json,6,train
cologne_000038_000019_gtFine_polygons.json,6,train
cologne_000039_000019_gtFine_polygons.json,8,train
cologne_000040_000019_gtFine_polygons.json,15,train
cologne_000041_000019_gtFine_polygons.json,15,train
cologne_000042_000019_gtFine_polygons.json,17,train
cologne_000043_000019_gtFine_polygons.json,19,train
cologne_000044_000019_gtFine_polygons.json,19,train
cologne_000045_000019_gtFine_polygons.json,19,train
cologne_000046_000019_gtFine_polygons.json,36,train
cologne_000047_000019_gtFine_polygons.json,15,train
cologne_000048_000019_gtFine_polygons.json,28,train
cologne_000049_000019_gtFine_polygons.json,40,train
cologne_000050_000019_gtFine_polygons.json,25,train
cologne_000051_000019_gtFine_polygons.json,19,train
cologne_000052_000019_gtFine_polygons.json,18,train
cologne_000053_000019_gtFine_polygons.json,35,train
cologne_000054_000019_gtFine_polygons.json,31,train
cologne_000055_000019_gtFine_polygons.json,42,train
cologne_000056_000019_gtFine_polygons.json,25,train
cologne_000057_000019_gtFine_polygons.json,27,train
cologne_000058_000019_gtFine_polygons.json,13,train
cologne_000059_000019_gtFine_polygons.json,23,train
cologne_000060_000019_gtFine_polygons.json,17,train
cologne_000061_000019_gtFine_polygons.json,19,train
cologne_000062_000019_gtFine_polygons.json,18,train
cologne_000063_000019_gtFine_polygons.json,10,train
cologne_000064_000019_gtFine_polygons.json,23,train
cologne_000065_000019_gtFine_polygons.json,27,train
cologne_000066_000019_gtFine_polygons.json,13,train
cologne_000067_000019_gtFine_polygons.json,31,train
cologne_000068_000019_gtFine_polygons.json,37,train
cologne_000069_000019_gtFine_polygons.json,28,train
cologne_000070_000019_gtFine_polygons.json,16,train
cologne_000071_000019_gtFine_polygons.json,26,train
cologne_000072_000019_gtFine_polygons.json,28,train
cologne_000073_000019_gtFine_polygons.json,26,train
cologne_000074_000019_gtFine_polygons.json,35,train
cologne_000075_000019_gtFine_polygons.json,15,train
cologne_000076_000019_gtFine_polygons.json,20,train
cologne_000077_000019_gtFine_polygons.json,28,train
cologne_000078_000019_gtFine_polygons.json,25,train
cologne_000079_000019_gtFine_polygons.json,44,train
cologne_000080_000019_gtFine_polygons.json,30,train
cologne_000081_000019_gtFine_polygons.json,32,train
cologne_000082_000019_gtFine_polygons.json,39,train
cologne_000083_000019_gtFine_polygons.json,24,train
cologne_000084_000019_gtFine_polygons.json,35,train
cologne_000085_000019_gtFine_polygons.json,42,train
cologne_000086_000019_gtFine_polygons.json,33,train
cologne_000087_000019_gtFine_polygons.json,32,train
cologne_000088_000019_gtFine_polygons.json,47,train
cologne_000089_000019_gtFine_polygons.json,39,train
cologne_000090_000019_gtFine_polygons.json,25,train
cologne_000091_000019_gtFine_polygons.json,23,train
cologne_000092_000019_gtFine_polygons.json,34,train
cologne_000093_000019_gtFine_polygons.json,21,train
cologne_000094_000019_gtFine_polygons.json,23,train
cologne_000095_000019_gtFine_polygons.json,43,train
cologne_000096_000019_gtFine_polygons.json,31,train
cologne_000097_000019_gtFine_polygons.json,20,train
cologne_000098_000019_gtFine_polygons.json,21,train
cologne_000099_000019_gtFine_polygons.json,18,train
cologne_000100_000019_gtFine_polygons.json,12,train
cologne_000101_000019_gtFine_polygons.json,12,train
cologne_000102_000019_gtFine_polygons.json,19,train
cologne_000103_000019_gtFine_polygons.json,25,train
cologne_000104_000019_gtFine_polygons.json,9,train
cologne_000105_000019_gtFine_polygons.json,21,train
cologne_000106_000019_gtFine_polygons.json,20,train
cologne_000107_000019_gtFine_polygons.json,16,train
cologne_000108_000019_gtFine_polygons.json,6,train
cologne_000109_000019_gtFine_polygons.json,18,train
cologne_000110_000019_gtFine_polygons.json,13,train
cologne_000111_000019_gtFine_polygons.json,16,train
cologne_000112_000019_gtFine_polygons.json,11,train
cologne_000113_000019_gtFine_polygons.json,9,train
cologne_000114_000019_gtFine_polygons.json,24,train
cologne_000115_000019_gtFine_polygons.json,14,train
cologne_000116_000019_gtFine_polygons.json,20,train
cologne_000117_000019_gtFine_polygons.json,15,train
cologne_000118_000019_gtFine_polygons.json,13,train
cologne_000119_000019_gtFine_polygons.json,11,train
cologne_000120_000019_gtFine_polygons.json,13,train
cologne_000121_000019_gtFine_polygons.json,18,train
cologne_000122_000019_gtFine_polygons.json,14,train
cologne_000123_000019_gtFine_polygons.json,30,train
cologne_000124_000019_gtFine_polygons.json,17,train
cologne_000125_000019_gtFine_polygons.json,18,train
cologne_000126_000019_gtFine_polygons.json,19,train
cologne_000127_000019_gtFine_polygons.json,15,train
cologne_000128_000019_gtFine_polygons.json,21,train
cologne_000129_000019_gtFine_polygons.json,21,train
cologne_000130_000019_gtFine_polygons.json,16,train
cologne_000131_000019_gtFine_polygons.json,13,train
cologne_000132_000019_gtFine_polygons.json,25,train
cologne_000133_000019_gtFine_polygons.json,12,train
cologne_000134_000019_gtFine_polygons.json,31,train
cologne_000135_000019_gtFine_polygons.json,33,train
cologne_000136_000019_gtFine_polygons.json,31,train
cologne_000137_000019_gtFine_polygons.json,16,train
cologne_000138_000019_gtFine_polygons.json,7,train
cologne_000139_000019_gtFine_polygons.json,13,train
cologne_000140_000019_gtFine_polygons.json,20,train
cologne_000141_000019_gtFine_polygons.json,32,train
cologne_000142_000019_gtFine_polygons.json,22,train
cologne_000143_000019_gtFine_polygons.json,25,train
cologne_000144_000019_gtFine_polygons.json,39,train
cologne_000145_000019_gtFine_polygons.json,25,train
cologne_000146_000019_gtFine_polygons.json,24,train
cologne_000147_000019_gtFine_polygons.json,20,train
cologne_000148_000019_gtFine_polygons.json,23,train
cologne_000149_000019_gtFine_polygons.json,14,train
cologne_000150_000019_gtFine_polygons.json,26,train
cologne_000151_000019_gtFine_polygons.json,16,train
cologne_000152_000019_gtFine_polygons.json,14,train
cologne_000153_000019_gtFine_polygons.json,17,train
darmstadt_000000_000019_gtFine_polygons.json,24,train
darmstadt_000001_000019_gtFine_polygons.json,12,train
darmstadt_000002_000019_gtFine_polygons.json,13,train
darmstadt_000003_000019_gtFine_polygons.json,14,train
darmstadt_000004_000019_gtFine_polygons.json,25,train
darmstadt_000005_000019_gtFine_polygons.json,31,train
darmstadt_000006_000019_gtFine_polygons.json,14,train
darmstadt_000007_000019_gtFine_polygons.json,9,train
darmstadt_000008_000019_gtFine_polygons.json,6,train
darmstadt_000009_000019_gtFine_polygons.json,7,train
darmstadt_000010_000019_gtFine_polygons.json,19,train
darmstadt_000011_000019_gtFine_polygons.json,5,train
darmstadt_000012_000019_gtFine_polygons.json,3,train
darmstadt_000013_000019_gtFine_polygons.json,7,train
darmstadt_000014_000019_gtFine_polygons.json,1,train
darmstadt_000015_000019_gtFine_polygons.json,20,train
darmstadt_000016_000019_gtFine_polygons.json,20,train
darmstadt_000017_000019_gtFine_polygons.json,24,train
darmstadt_000018_000019_gtFine_polygons.json,17,train
darmstadt_000019_000019_gtFine_polygons.json,12,train
darmstadt_000020_000019_gtFine_polygons.json,7,train
darmstadt_000021_000019_gtFine_polygons.json,13,train
darmstadt_000022_000019_gtFine_polygons.json,19,train
darmstadt_000023_000019_gtFine_polygons.json,27,train
darmstadt_000024_000019_gtFine_polygons.json,21,train
darmstadt_000025_000019_gtFine_polygons.json,12,train
darmstadt_000026_000019_gtFine_polygons.json,50,train
darmstadt_000027_000019_gtFine_polygons.json,36,train
darmstadt_000028_000019_gtFine_polygons.json,35,train
darmstadt_000029_000019_gtFine_polygons.json,34,train
darmstadt_000030_000019_gtFine_polygons.json,19,train
darmstadt_000031_000019_gtFine_polygons.json,11,train
darmstadt_000032_000019_gtFine_polygons.json,11,train
darmstadt_000033_000019_gtFine_polygons.json,23,train
darmstadt_000034_000019_gtFine_polygons.json,26,train
darmstadt_000035_000019_gtFine_polygons.json,15,train
darmstadt_000036_000019_gtFine_polygons.json,30,train
darmstadt_000037_000019_gtFine_polygons.json,23,train
darmstadt_000038_000019_gtFine_polygons.json,16,train
darmstadt_000039_000019_gtFine_polygons.json,3,train
darmstadt_000040_000019_gtFine_polygons.json,10,train
darmstadt_000041_000019_gtFine_polygons.json,20,train
darmstadt_000042_000019_gtFine_polygons.json,28,train
darmstadt_000043_000019_gtFine_polygons.json,15,train
darmstadt_000044_000019_gtFine_polygons.json,7,train
darmstadt_000045_000019_gtFine_polygons.json,5,train
darmstadt_000046_000019_gtFine_polygons.json,25,train
darmstadt_000047_000019_gtFine_polygons.json,26,train
darmstadt_000048_000019_gtFine_polygons.json,12,train
darmstadt_000049_000019_gtFine_polygons.json,19,train
darmstadt_000050_000019_gtFine_polygons.json,14,train
darmstadt_000051_000019_gtFine_polygons.json,13,train
darmstadt_000052_000019_gtFine_polygons.json,50,train
darmstadt_000053_000019_gtFine_polygons.json,37,train
darmstadt_000054_000019_gtFine_polygons.json,19,train
darmstadt_000055_000019_gtFine_polygons.json,23,train
darmstadt_000056_000019_gtFine_polygons.json,20,train
darmstadt_000057_000019_gtFine_polygons.json,21,train
darmstadt_000058_000019_gtFine_polygons.json,16,train
darmstadt_000059_000019_gtFine_polygons.json,18,train
darmstadt_000060_000019_gtFine_polygons.json,11,train
darmstadt_000061_000019_gtFine_polygons.json,28,train
darmstadt_000062_000019_gtFine_polygons.json,15,train
darmstadt_000063_000019_gtFine_polygons.json,28,train
darmstadt_000064_000019_gtFine_polygons.json,11,train
darmstadt_000065_000019_gtFine_polygons.json,17,train
darmstadt_000066_000019_gtFine_polygons.json,7,train
darmstadt_000067_000019_gtFine_polygons.json,30,train
darmstadt_000068_000019_gtFine_polygons.json,15,train
darmstadt_000069_000019_gtFine_polygons.json,22,train
darmstadt_000070_000019_gtFine_polygons.json,24,train
darmstadt_000071_000019_gtFine_polygons.json,23,train
darmstadt_000072_000019_gtFine_polygons.json,15,train
darmstadt_000073_000019_gtFine_polygons.json,16,train
darmstadt_000074_000019_gtFine_polygons.json,20,train
darmstadt_000075_000019_gtFine_polygons.json,17,train
darmstadt_000076_000019_gtFine_polygons.json,10,train
darmstadt_000077_000019_gtFine_polygons.json,18,train
darmstadt_000078_000019_gtFine_polygons.json,29,train
darmstadt_000079_000019_gtFine_polygons.json,25,train
darmstadt_000080_000019_gtFine_polygons.json,15,train
darmstadt_000081_000019_gtFine_polygons.json,31,train
darmstadt_000082_000019_gtFine_polygons.json,22,train
darmstadt_000083_000019_gtFine_polygons.json,15,train
darmstadt_000084_000019_gtFine_polygons.json,24,train
dusseldorf_000000_000019_gtFine_polygons.json,19,train
dusseldorf_000001_000019_gtFine_polygons.json,28,train
dusseldorf_000002_000019_gtFine_polygons.json,13,train
dusseldorf_000003_000019_gtFine_polygons.json,9,train
dusseldorf_000004_000019_gtFine_polygons.json,14,train
dusseldorf_000005_000019_gtFine_polygons.json,14,train
dusseldorf_000006_000019_gtFine_polygons.json,11,train
dusseldorf_000007_000019_gtFine_polygons.json,19,train
dusseldorf_000008_000019_gtFine_polygons.json,18,train
dusseldorf_000009_000019_gtFine_polygons.json,16,train
dusseldorf_000010_000019_gtFine_polygons.json,24,train
dusseldorf_000011_000019_gtFine_polygons.json,3,train
dusseldorf_000012_000019_gtFine_polygons.json,19,train
dusseldorf_000013_000019_gtFine_polygons.json,22,train
dusseldorf_000014_000019_gtFine_polygons.json,22,train
dusseldorf_000015_000019_gtFine_polygons.json,12,train
dusseldorf_000016_000019_gtFine_polygons.json,10,train
dusseldorf_000017_000019_gtFine_polygons.json,11,train
dusseldorf_000018_000019_gtFine_polygons.json,24,train
dusseldorf_000019_000019_gtFine_polygons.json,21,train
dusseldorf_000020_000019_gtFine_polygons.json,11,train
dusseldorf_000021_000019_gtFine_polygons.json,5,train
dusseldorf_000022_000019_gtFine_polygons.json,12,train
dusseldorf_000023_000019_gtFine_polygons.json,4,train
dusseldorf_000024_000019_gtFine_polygons.json,8,train
dusseldorf_000025_000019_gtFine_polygons.json,8,train
dusseldorf_000026_000019_gtFine_polygons.json,8,train
dusseldorf_000027_000019_gtFine_polygons.json,17,train
dusseldorf_000028_000019_gtFine_polygons.json,21,train
dusseldorf_000029_000019_gtFine_polygons.json,13,train
dusseldorf_000030_000019_gtFine_polygons.json,14,train
dusseldorf_000031_000019_gtFine_polygons.json,13,train
dusseldorf_000032_000019_gtFine_polygons.json,14,train
dusseldorf_000033_000019_gtFine_polygons.json,12,train
dusseldorf_000034_000019_gtFine_polygons.json,21,train
dusseldorf_000035_000019_gtFine_polygons.json,16,train
dusseldorf_000036_000019_gtFine_polygons.json,25,train
dusseldorf_000037_000019_gtFine_polygons.json,20,train
dusseldorf_000038_000019_gtFine_polygons.json,19,train
dusseldorf_000039_000019_gtFine_polygons.json,14,train
dusseldorf_000040_000019_gtFine_polygons.json,11,train
dusseldorf_000041_000019_gtFine_polygons.json,12,train
dusseldorf_000042_000019_gtFine_polygons.json,14,train
dusseldorf_000043_000019_gtFine_polygons.json,9,train
dusseldorf_000044_000019_gtFine_polygons.json,11,train
dusseldorf_000045_000019_gtFine_polygons.json,18,train
dusseldorf_000046_000019_gtFine_polygons.json,8,train
dusseldorf_000047_000019_gtFine_polygons.json,12,train
dusseldorf_000048_000019_gtFine_polygons.json,12,train
dusseldorf_000049_000019_gtFine_polygons.json,8,train
dusseldorf_000050_000019_gtFine_polygons.json,10,train
dusseldorf_000051_000019_gtFine_polygons.json,11,train
dusseldorf_000052_000019_gtFine_polygons.json,26,train
dusseldorf_000053_000019_gtFine_polygons.json,4,train
dusseldorf_000054_000019_gtFine_polygons.json,17,train
dusseldorf_000055_000019_gtFine_polygons.json,7,train
dusseldorf_000056_000019_gtFine_polygons.json,14,train
dusseldorf_000057_000019_gtFine_polygons.json,24,train
dusseldorf_000058_000019_gtFine_polygons.json,25,train
dusseldorf_000059_000019_gtFine_polygons.json,24,train
dusseldorf_000060_000019_gtFine_polygons.json,15,train
dusseldorf_000061_000019_gtFine_polygons.json,24,train
dusseldorf_000062_000019_gtFine_polygons.json,13,train
dusseldorf_000063_000019_gtFine_polygons.json,33,train
dusseldorf_000064_000019_gtFine_polygons.json,21,train
dusseldorf_000065_000019_gtFine_polygons.json,14,train
dusseldorf_000066_000019_gtFine_polygons.json,27,train
dusseldorf_000067_000019_gtFine_polygons.json,18,train
dusseldorf_000068_000019_gtFine_polygons.json,21,train
dusseldorf_000069_000019_gtFine_polygons.json,10,train
dusseldorf_000070_000019_gtFine_polygons.json,12,train
dusseldorf_000071_000019_gtFine_polygons.json,10,train
dusseldorf_000072_000019_gtFine_polygons.json,12,train
dusseldorf_000073_000019_gtFine_polygons.json,9,train
dusseldorf_000074_000019_gtFine_polygons.json,34,train
dusseldorf_000075_000019_gtFine_polygons.json,22,train
dusseldorf_000076_000019_gtFine_polygons.json,11,train
dusseldorf_000077_000019_gtFine_polygons.json,17,train
dusseldorf_000078_000019_gtFine_polygons.json,12,train
dusseldorf_000079_000019_gtFine_polygons.json,15,train
dusseldorf_000080_000019_gtFine_polygons.json,15,train
dusseldorf_000081_000019_gtFine_polygons.json,25,train
dusseldorf_000082_000019_gtFine_polygons.json,12,train
dusseldorf_000083_000019_gtFine_polygons.json,12,train
dusseldorf_000084_000019_gtFine_polygons.json,9,train
dusseldorf_000085_000019_gtFine_polygons.json,6,train
dusseldorf_000086_000019_gtFine_polygons.json,17,train
dusseldorf_000087_000019_gtFine_polygons.json,18,train
dusseldorf_000088_000019_gtFine_polygons.json,2,train
dusseldorf_000089_000019_gtFine_polygons.json,11,train
dusseldorf_000090_000019_gtFine_polygons.json,5,train
dusseldorf_000091_000019_gtFine_polygons.json,5,train
dusseldorf_000092_000019_gtFine_polygons.json,6,train
dusseldorf_000093_000019_gtFine_polygons.json,7,train
dusseldorf_000094_000019_gtFine_polygons.json,9,train
dusseldorf_000095_000019_gtFine_polygons.json,1,train
dusseldorf_000096_000019_gtFine_polygons.json,8,train
dusseldorf_000097_000019_gtFine_polygons.json,4,train
dusseldorf_000098_000019_gtFine_polygons.json,1,train
dusseldorf_000099_000019_gtFine_polygons.json,13,train
dusseldorf_000100_000019_gtFine_polygons.json,8,train
dusseldorf_000101_000019_gtFine_polygons.json,0,train
dusseldorf_000102_000019_gtFine_polygons.json,2,train
dusseldorf_000103_000019_gtFine_polygons.json,4,train
dusseldorf_000104_000019_gtFine_polygons.json,16,train
dusseldorf_000105_000019_gtFine_polygons.json,9,train
dusseldorf_000106_000019_gtFine_polygons.json,0,train
dusseldorf_000107_000019_gtFine_polygons.json,15,train
dusseldorf_000108_000019_gtFine_polygons.json,12,train
dusseldorf_000109_000019_gtFine_polygons.json,13,train
dusseldorf_000110_000019_gtFine_polygons.json,31,train
dusseldorf_000111_000019_gtFine_polygons.json,21,train
dusseldorf_000112_000019_gtFine_polygons.json,16,train
dusseldorf_000113_000019_gtFine_polygons.json,22,train
dusseldorf_000114_000019_gtFine_polygons.json,13,train
dusseldorf_000115_000019_gtFine_polygons.json,12,train
dusseldorf_000116_000019_gtFine_polygons.json,17,train
dusseldorf_000117_000019_gtFine_polygons.json,8,train
dusseldorf_000118_000019_gtFine_polygons.json,13,train
dusseldorf_000119_000019_gtFine_polygons.json,9,train
dusseldorf_000120_000019_gtFine_polygons.json,15,train
dusseldorf_000121_000019_gtFine_polygons.json,9,train
dusseldorf_000122_000019_gtFine_polygons.json,6,train
dusseldorf_000123_000019_gtFine_polygons.json,10,train
dusseldorf_000124_000019_gtFine_polygons.json,27,train
dusseldorf_000125_000019_gtFine_polygons.json,6,train
dusseldorf_000126_000019_gtFine_polygons.json,23,train
dusseldorf_000127_000019_gtFine_polygons.json,15,train
dusseldorf_000128_000019_gtFine_polygons.json,12,train
dusseldorf_000129_000019_gtFine_polygons.json,11,train
dusseldorf_000130_000019_gtFine_polygons.json,10,train
dusseldorf_000131_000019_gtFine_polygons.json,9,train
dusseldorf_000132_000019_gtFine_polygons.json,12,train
dusseldorf_000133_000019_gtFine_polygons.json,3,train
dusseldorf_000134_000019_gtFine_polygons.json,17,train
dusseldorf_000135_000019_gtFine_polygons.json,39,train
dusseldorf_000136_000019_gtFine_polygons.json,15,train
dusseldorf_000137_000019_gtFine_polygons.json,21,train
dusseldorf_000138_000019_gtFine_polygons.json,16,train
dusseldorf_000139_000019_gtFine_polygons.json,15,train
dusseldorf_000140_000019_gtFine_polygons.json,17,train
dusseldorf_000141_000019_gtFine_polygons.json,10,train
dusseldorf_000142_000019_gtFine_polygons.json,12,train
dusseldorf_000143_000019_gtFine_polygons.json,21,train
dusseldorf_000144_000019_gtFine_polygons.json,15,train
dusseldorf_000145_000019_gtFine_polygons.json,14,train
dusseldorf_000146_000019_gtFine_polygons.json,15,train
dusseldorf_000147_000019_gtFine_polygons.json,14,train
dusseldorf_000148_000019_gtFine_polygons.json,5,train
dusseldorf_000149_000019_gtFine_polygons.json,25,train
dusseldorf_000150_000019_gtFine_polygons.json,23,train
dusseldorf_000151_000019_gtFine_polygons.json,17,train
dusseldorf_000152_000019_gtFine_polygons.json,21,train
dusseldorf_000153_000019_gtFine_polygons.json,25,train
dusseldorf_000154_000019_gtFine_polygons.json,5,train
dusseldorf_000155_000019_gtFine_polygons.json,2,train
dusseldorf_000156_000019_gtFine_polygons.json,9,train
dusseldorf_000157_000019_gtFine_polygons.json,9,train
dusseldorf_000158_000019_gtFine_polygons.json,18,train
dusseldorf_000159_000019_gtFine_polygons.json,17,train
dusseldorf_000160_000019_gtFine_polygons.json,34,train
dusseldorf_000161_000019_gtFine_polygons.json,22,train
dusseldorf_000162_000019_gtFine_polygons.json,18,train
dusseldorf_000163_000019_gtFine_polygons.json,34,train
dusseldorf_000164_000019_gtFine_polygons.json,16,train
dusseldorf_000165_000019_gtFine_polygons.json,14,train
dusseldorf_000166_000019_gtFine_polygons.json,15,train
dusseldorf_000167_000019_gtFine_polygons.json,12,train
dusseldorf_000168_000019_gtFine_polygons.json,24,train
dusseldorf_000169_000019_gtFine_polygons.json,19,train
dusseldorf_000170_000019_gtFine_polygons.json,22,train
dusseldorf_000171_000019_gtFine_polygons.json,27,train
dusseldorf_000172_000019_gtFine_polygons.json,16,train
dusseldorf_000173_000019_gtFine_polygons.json,20,train
dusseldorf_000174_000019_gtFine_polygons.json,19,train
dusseldorf_000175_000019_gtFine_polygons.json,6,train
dusseldorf_000176_000019_gtFine_polygons.json,19,train
dusseldorf_000177_000019_gtFine_polygons.json,8,train
dusseldorf_000178_000019_gtFine_polygons.json,23,train
dusseldorf_000179_000019_gtFine_polygons.json,17,train
dusseldorf_000180_000019_gtFine_polygons.json,13,train
dusseldorf_000181_000019_gtFine_polygons.json,18,train
dusseldorf_000182_000019_gtFine_polygons.json,20,train
dusseldorf_000183_000019_gtFine_polygons.json,18,train
dusseldorf_000184_000019_gtFine_polygons.json,19,train
dusseldorf_000185_000019_gtFine_polygons.json,7,train
dusseldorf_000186_000019_gtFine_polygons.json,16,train
dusseldorf_000187_000019_gtFine_polygons.json,21,train
dusseldorf_000188_000019_gtFine_polygons.json,14,train
dusseldorf_000189_000019_gtFine_polygons.json,18,train
dusseldorf_000190_000019_gtFine_polygons.json,15,train
dusseldorf_000191_000019_gtFine_polygons.json,19,train
dusseldorf_000192_000019_gtFine_polygons.json,21,train
dusseldorf_000193_000019_gtFine_polygons.json,10,train
dusseldorf_000194_000019_gtFine_polygons.json,11,train
dusseldorf_000195_000019_gtFine_polygons.json,17,train
dusseldorf_000196_000019_gtFine_polygons.json,15,train
dusseldorf_000197_000019_gtFine_polygons.json,21,train
dusseldorf_000198_000019_gtFine_polygons.json,10,train
dusseldorf_000199_000019_gtFine_polygons.json,9,train
dusseldorf_000200_000019_gtFine_polygons.json,9,train
dusseldorf_000201_000019_gtFine_polygons.json,14,train
dusseldorf_000202_000019_gtFine_polygons.json,12,train
dusseldorf_000203_000019_gtFine_polygons.json,17,train
dusseldorf_000204_000019_gtFine_polygons.json,14,train
dusseldorf_000205_000019_gtFine_polygons.json,26,train
dusseldorf_000206_000019_gtFine_polygons.json,14,train
dusseldorf_000207_000019_gtFine_polygons.json,19,train
dusseldorf_000208_000019_gtFine_polygons.json,13,train
dusseldorf_000209_000019_gtFine_polygons.json,14,train
dusseldorf_000210_000019_gtFine_polygons.json,9,train
dusseldorf_000211_000019_gtFine_polygons.json,15,train
dusseldorf_000212_000019_gtFine_polygons.json,13,train
dusseldorf_000213_000019_gtFine_polygons.json,8,train
dusseldorf_000214_000019_gtFine_polygons.json,16,train
dusseldorf_000215_000019_gtFine_polygons.json,12,train
dusseldorf_000216_000019_gtFine_polygons.json,19,train
dusseldorf_000217_000019_gtFine_polygons.json,5,train
dusseldorf_000218_000019_gtFine_polygons.json,16,train
dusseldorf_000219_000019_gtFine_polygons.json,15,train
dusseldorf_000220_000019_gtFine_polygons.json,4,train
erfurt_000000_000019_gtFine_polygons.json,12,train
erfurt_000001_000019_gtFine_polygons.json,13,train
erfurt_000002_000019_gtFine_polygons.json,10,train
erfurt_000003_000019_gtFine_polygons.json,11,train
erfurt_000004_000019_gtFine_polygons.json,6,train
erfurt_000005_000019_gtFine_polygons.json,16,train
erfurt_000006_000019_gtFine_polygons.json,16,train
erfurt_000007_000019_gtFine_polygons.json,13,train
erfurt_000008_000019_gtFine_polygons.json,14,train
erfurt_000009_000019_gtFine_polygons.json,11,train
erfurt_000010_000019_gtFine_polygons.json,14,train
erfurt_000011_000019_gtFine_polygons.json,17,train
erfurt_000012_000019_gtFine_polygons.json,17,train
erfurt_000013_000019_gtFine_polygons.json,16,train
erfurt_000014_000019_gtFine_polygons.json,6,train
erfurt_000015_000019_gtFine_polygons.json,16,train
erfurt_000016_000019_gtFine_polygons.json,16,train
erfurt_000017_000019_gtFine_polygons.json,26,train
erfurt_000018_000019_gtFine_polygons.json,13,train
erfurt_000019_000019_gtFine_polygons.json,5,train
erfurt_000020_000019_gtFine_polygons.json,7,train
erfurt_000021_000019_gtFine_polygons.json,9,train
erfurt_000022_000019_gtFine_polygons.json,15,train
erfurt_000023_000019_gtFine_polygons.json,15,train
erfurt_000024_000019_gtFine_polygons.json,14,train
erfurt_000025_000019_gtFine_polygons.json,19,train
erfurt_000026_000019_gtFine_polygons.json,17,train
erfurt_000027_000019_gtFine_polygons.json,10,train
erfurt_000028_000019_gtFine_polygons.json,6,train
erfurt_000029_000019_gtFine_polygons.json,13,train
erfurt_000030_000019_gtFine_polygons.json,8,train
erfurt_000031_000019_gtFine_polygons.json,4,train
erfurt_000032_000019_gtFine_polygons.json,6,train
erfurt_000033_000019_gtFine_polygons.json,3,train
erfurt_000034_000019_gtFine_polygons.json,7,train
erfurt_000035_000019_gtFine_polygons.json,31,train
erfurt_000036_000019_gtFine_polygons.json,11,train
erfurt_000037_000019_gtFine_polygons.json,18,train
erfurt_000038_000019_gtFine_polygons.json,13,train
erfurt_000039_000019_gtFine_polygons.json,7,train
erfurt_000040_000019_gtFine_polygons.json,10,train
erfurt_000041_000019_gtFine_polygons.json,20,train
erfurt_000042_000019_gtFine_polygons.json,13,train
erfurt_000043_000019_gtFine_polygons.json,21,train
erfurt_000044_000019_gtFine_polygons.json,14,train
erfurt_000045_000019_gtFine_polygons.json,4,train
erfurt_000046_000019_gtFine_polygons.json,3,train
erfurt_000047_000019_gtFine_polygons.json,15,train
erfurt_000048_000019_gtFine_polygons.json,37,train
erfurt_000049_000019_gtFine_polygons.json,26,train
erfurt_000050_000019_gtFine_polygons.json,10,train
erfurt_000051_000019_gtFine_polygons.json,6,train
erfurt_000052_000019_gtFine_polygons.json,22,train
erfurt_000053_000019_gtFine_polygons.json,12,train
erfurt_000054_000019_gtFine_polygons.json,17,train
erfurt_000055_000019_gtFine_polygons.json,15,train
erfurt_000056_000019_gtFine_polygons.json,18,train
erfurt_000057_000019_gtFine_polygons.json,26,train
erfurt_000058_000019_gtFine_polygons.json,2,train
erfurt_000059_000019_gtFine_polygons.json,23,train
erfurt_000060_000019_gtFine_polygons.json,21,train
erfurt_000061_000019_gtFine_polygons.json,7,train
erfurt_000062_000019_gtFine_polygons.json,6,train
erfurt_000063_000019_gtFine_polygons.json,16,train
erfurt_000064_000019_gtFine_polygons.json,3,train
erfurt_000065_000019_gtFine_polygons.json,7,train
erfurt_000066_000019_gtFine_polygons.json,2,train
erfurt_000067_000019_gtFine_polygons.json,21,train
erfurt_000068_000019_gtFine_polygons.json,32,train
erfurt_000069_000019_gtFine_polygons.json,11,train
erfurt_000070_000019_gtFine_polygons.json,7,train
erfurt_000071_000019_gtFine_polygons.json,12,train
erfurt_000072_000019_gtFine_polygons.json,15,train
erfurt_000073_000019_gtFine_polygons.json,17,train
erfurt_000074_000019_gtFine_polygons.json,10,train
erfurt_000075_000019_gtFine_polygons.json,3,train
erfurt_000076_000019_gtFine_polygons.json,17,train
erfurt_000077_000019_gtFine_polygons.json,3,train
erfurt_000078_000019_gtFine_polygons.json,9,train
erfurt_000079_000019_gtFine_polygons.json,2,train
erfurt_000080_000019_gtFine_polygons.json,8,train
erfurt_000081_000019_gtFine_polygons.json,8,train
erfurt_000082_000019_gtFine_polygons.json,21,train
erfurt_000083_000019_gtFine_polygons.json,7,train
erfurt_000084_000019_gtFine_polygons.json,5,train
erfurt_000085_000019_gtFine_polygons.json,15,train
erfurt_000086_000019_gtFine_polygons.json,18,train
erfurt_000087_000019_gtFine_polygons.json,16,train
erfurt_000088_000019_gtFine_polygons.json,2,train
erfurt_000089_000019_gtFine_polygons.json,4,train
erfurt_000090_000019_gtFine_polygons.json,15,train
erfurt_000091_000019_gtFine_polygons.json,12,train
erfurt_000092_000019_gtFine_polygons.json,7,train
erfurt_000093_000019_gtFine_polygons.json,20,train
erfurt_000094_000019_gtFine_polygons.json,13,train
erfurt_000095_000019_gtFine_polygons.json,18,train
erfurt_000096_000019_gtFine_polygons.json,8,train
erfurt_000097_000019_gtFine_polygons.json,10,train
erfurt_000098_000019_gtFine_polygons.json,17,train
erfurt_000099_000019_gtFine_polygons.json,32,train
erfurt_000100_000019_gtFine_polygons.json,39,train
erfurt_000101_000019_gtFine_polygons.json,12,train
erfurt_000102_000019_gtFine_polygons.json,20,train
erfurt_000103_000019_gtFine_polygons.json,15,train
erfurt_000104_000019_gtFine_polygons.json,20,train
erfurt_000105_000019_gtFine_polygons.json,15,train
erfurt_000106_000019_gtFine_polygons.json,20,train
erfurt_000107_000019_gtFine_polygons.json,19,train
erfurt_000108_000019_gtFine_polygons.json,20,train
hamburg_000000_000042_gtFine_polygons.json,22,train
hamburg_000000_000629_gtFine_polygons.json,11,train
hamburg_000000_001106_gtFine_polygons.json,22,train
hamburg_000000_001613_gtFine_polygons.json,13,train
hamburg_000000_002095_gtFine_polygons.json,21,train
hamburg_000000_002338_gtFine_polygons.json,15,train
hamburg_000000_003488_gtFine_polygons.json,22,train
hamburg_000000_003904_gtFine_polygons.json,18,train
hamburg_000000_004985_gtFine_polygons.json,27,train
hamburg_000000_005639_gtFine_polygons.json,21,train
hamburg_000000_006192_gtFine_polygons.json,15,train
hamburg_000000_006322_gtFine_polygons.json,18,train
hamburg_000000_007737_gtFine_polygons.json,19,train
hamburg_000000_008221_gtFine_polygons.json,19,train
hamburg_000000_008494_gtFine_polygons.json,20,train
hamburg_000000_011641_gtFine_polygons.json,3,train
hamburg_000000_013577_gtFine_polygons.json,21,train
hamburg_000000_014030_gtFine_polygons.json,22,train
hamburg_000000_014940_gtFine_polygons.json,12,train
hamburg_000000_015350_gtFine_polygons.json,16,train
hamburg_000000_016447_gtFine_polygons.json,25,train
hamburg_000000_016691_gtFine_polygons.json,23,train
hamburg_000000_016928_gtFine_polygons.json,39,train
hamburg_000000_018592_gtFine_polygons.json,34,train
hamburg_000000_018878_gtFine_polygons.json,20,train
hamburg_000000_019373_gtFine_polygons.json,19,train
hamburg_000000_019760_gtFine_polygons.json,38,train
hamburg_000000_019892_gtFine_polygons.json,28,train
hamburg_000000_020211_gtFine_polygons.json,27,train
hamburg_000000_020563_gtFine_polygons.json,13,train
hamburg_000000_021353_gtFine_polygons.json,10,train
hamburg_000000_021961_gtFine_polygons.json,13,train
hamburg_000000_022524_gtFine_polygons.json,26,train
hamburg_000000_023472_gtFine_polygons.json,10,train
hamburg_000000_024251_gtFine_polygons.json,40,train
hamburg_000000_025802_gtFine_polygons.json,21,train
hamburg_000000_025986_gtFine_polygons.json,28,train
hamburg_000000_026675_gtFine_polygons.json,32,train
hamburg_000000_027304_gtFine_polygons.json,33,train
hamburg_000000_027857_gtFine_polygons.json,24,train
hamburg_000000_028056_gtFine_polygons.json,31,train
hamburg_000000_028439_gtFine_polygons.json,30,train
hamburg_000000_028608_gtFine_polygons.json,29,train
hamburg_000000_029144_gtFine_polygons.json,9,train
hamburg_000000_029378_gtFine_polygons.json,28,train
hamburg_000000_029676_gtFine_polygons.json,17,train
hamburg_000000_030279_gtFine_polygons.json,36,train
hamburg_000000_030953_gtFine_polygons.json,29,train
hamburg_000000_031971_gtFine_polygons.json,38,train
hamburg_000000_032266_gtFine_polygons.json,34,train
hamburg_000000_032460_gtFine_polygons.json,17,train
hamburg_000000_032719_gtFine_polygons.json,8,train
hamburg_000000_032906_gtFine_polygons.json,24,train
hamburg_000000_033506_gtFine_polygons.json,33,train
hamburg_000000_034049_gtFine_polygons.json,35,train
hamburg_000000_035568_gtFine_polygons.json,61,train
hamburg_000000_036003_gtFine_polygons.json,24,train
hamburg_000000_036427_gtFine_polygons.json,14,train
hamburg_000000_036527_gtFine_polygons.json,28,train
hamburg_000000_037036_gtFine_polygons.json,21,train
hamburg_000000_037161_gtFine_polygons.json,46,train
hamburg_000000_037279_gtFine_polygons.json,41,train
hamburg_000000_037741_gtFine_polygons.json,27,train
hamburg_000000_038446_gtFine_polygons.json,29,train
hamburg_000000_038511_gtFine_polygons.json,43,train
hamburg_000000_038729_gtFine_polygons.json,26,train
hamburg_000000_038915_gtFine_polygons.json,34,train
hamburg_000000_039264_gtFine_polygons.json,32,train
hamburg_000000_039420_gtFine_polygons.json,47,train
hamburg_000000_039546_gtFine_polygons.json,55,train
hamburg_000000_040021_gtFine_polygons.json,11,train
hamburg_000000_041667_gtFine_polygons.json,34,train
hamburg_000000_042505_gtFine_polygons.json,10,train
hamburg_000000_042885_gtFine_polygons.json,25,train
hamburg_000000_043944_gtFine_polygons.json,48,train
hamburg_000000_044251_gtFine_polygons.json,35,train
hamburg_000000_044400_gtFine_polygons.json,52,train
hamburg_000000_044747_gtFine_polygons.json,46,train
hamburg_000000_044996_gtFine_polygons.json,32,train
hamburg_000000_045437_gtFine_polygons.json,26,train
hamburg_000000_045704_gtFine_polygons.json,75,train
hamburg_000000_045908_gtFine_polygons.json,75,train
hamburg_000000_046078_gtFine_polygons.json,73,train
hamburg_000000_046510_gtFine_polygons.json,62,train
hamburg_000000_046566_gtFine_polygons.json,45,train
hamburg_000000_046619_gtFine_polygons.json,81,train
hamburg_000000_046872_gtFine_polygons.json,85,train
hamburg_000000_047057_gtFine_polygons.json,59,train
hamburg_000000_047108_gtFine_polygons.json,47,train
hamburg_000000_047157_gtFine_polygons.json,52,train
hamburg_000000_047220_gtFine_polygons.json,47,train
hamburg_000000_047390_gtFine_polygons.json,35,train
hamburg_000000_048138_gtFine_polygons.json,21,train
hamburg_000000_048494_gtFine_polygons.json,31,train
hamburg_000000_048750_gtFine_polygons.json,21,train
hamburg_000000_048960_gtFine_polygons.json,22,train
hamburg_000000_049558_gtFine_polygons.json,7,train
hamburg_000000_050160_gtFine_polygons.json,27,train
hamburg_000000_051855_gtFine_polygons.json,11,train
hamburg_000000_052122_gtFine_polygons.json,27,train
hamburg_000000_052904_gtFine_polygons.json,39,train
hamburg_000000_053086_gtFine_polygons.json,50,train
hamburg_000000_053486_gtFine_polygons.json,67,train
hamburg_000000_053563_gtFine_polygons.json,64,train
hamburg_000000_053776_gtFine_polygons.json,49,train
hamburg_000000_053886_gtFine_polygons.json,39,train
hamburg_000000_054029_gtFine_polygons.json,87,train
hamburg_000000_054220_gtFine_polygons.json,58,train
hamburg_000000_054555_gtFine_polygons.json,49,train
hamburg_000000_054850_gtFine_polygons.json,30,train
hamburg_000000_055039_gtFine_polygons.json,28,train
hamburg_000000_055414_gtFine_polygons.json,25,train
hamburg_000000_055894_gtFine_polygons.json,22,train
hamburg_000000_056229_gtFine_polygons.json,19,train
hamburg_000000_056508_gtFine_polygons.json,25,train
hamburg_000000_057487_gtFine_polygons.json,11,train
hamburg_000000_057678_gtFine_polygons.json,26,train
hamburg_000000_057816_gtFine_polygons.json,30,train
hamburg_000000_058591_gtFine_polygons.json,30,train
hamburg_000000_059339_gtFine_polygons.json,40,train
hamburg_000000_059720_gtFine_polygons.json,18,train
hamburg_000000_060215_gtFine_polygons.json,35,train
hamburg_000000_060586_gtFine_polygons.json,30,train
hamburg_000000_060907_gtFine_polygons.json,40,train
hamburg_000000_061048_gtFine_polygons.json,31,train
hamburg_000000_061468_gtFine_polygons.json,33,train
hamburg_000000_061790_gtFine_polygons.json,38,train
hamburg_000000_062039_gtFine_polygons.json,39,train
hamburg_000000_062371_gtFine_polygons.json,45,train
hamburg_000000_062710_gtFine_polygons.json,47,train
hamburg_000000_062964_gtFine_polygons.json,35,train
hamburg_000000_063403_gtFine_polygons.json,27,train
hamburg_000000_063698_gtFine_polygons.json,38,train
hamburg_000000_064269_gtFine_polygons.json,34,train
hamburg_000000_064825_gtFine_polygons.json,16,train
hamburg_000000_065055_gtFine_polygons.json,45,train
hamburg_000000_065604_gtFine_polygons.json,41,train
hamburg_000000_065843_gtFine_polygons.json,17,train
hamburg_000000_065983_gtFine_polygons.json,13,train
hamburg_000000_066424_gtFine_polygons.json,18,train
hamburg_000000_066706_gtFine_polygons.json,18,train
hamburg_000000_066988_gtFine_polygons.json,7,train
hamburg_000000_067223_gtFine_polygons.json,30,train
hamburg_000000_067338_gtFine_polygons.json,33,train
hamburg_000000_067587_gtFine_polygons.json,26,train
hamburg_000000_067799_gtFine_polygons.json,34,train
hamburg_000000_068693_gtFine_polygons.json,85,train
hamburg_000000_068916_gtFine_polygons.json,111,train
hamburg_000000_069096_gtFine_polygons.json,94,train
hamburg_000000_069177_gtFine_polygons.json,103,train
hamburg_000000_069289_gtFine_polygons.json,41,train
hamburg_000000_069417_gtFine_polygons.json,62,train
hamburg_000000_070334_gtFine_polygons.json,41,train
hamburg_000000_070444_gtFine_polygons.json,25,train
hamburg_000000_071016_gtFine_polygons.json,21,train
hamburg_000000_071150_gtFine_polygons.json,13,train
hamburg_000000_071675_gtFine_polygons.json,33,train
hamburg_000000_071942_gtFine_polygons.json,17,train
hamburg_000000_073314_gtFine_polygons.json,62,train
hamburg_000000_073389_gtFine_polygons.json,58,train
hamburg_000000_073549_gtFine_polygons.json,71,train
hamburg_000000_073672_gtFine_polygons.json,39,train
hamburg_000000_073758_gtFine_polygons.json,28,train
hamburg_000000_073999_gtFine_polygons.json,16,train
hamburg_000000_074139_gtFine_polygons.json,7,train
hamburg_000000_074267_gtFine_polygons.json,41,train
hamburg_000000_074425_gtFine_polygons.json,17,train
hamburg_000000_074545_gtFine_polygons.json,15,train
hamburg_000000_074694_gtFine_polygons.json,18,train
hamburg_000000_076392_gtFine_polygons.json,29,train
hamburg_000000_076966_gtFine_polygons.json,25,train
hamburg_000000_077144_gtFine_polygons.json,17,train
hamburg_000000_077642_gtFine_polygons.json,27,train
hamburg_000000_077756_gtFine_polygons.json,18,train
hamburg_000000_077927_gtFine_polygons.json,14,train
hamburg_000000_078407_gtFine_polygons.json,20,train
hamburg_000000_078579_gtFine_polygons.json,38,train
hamburg_000000_078842_gtFine_polygons.json,18,train
hamburg_000000_079376_gtFine_polygons.json,23,train
hamburg_000000_079657_gtFine_polygons.json,20,train
hamburg_000000_080169_gtFine_polygons.json,26,train
hamburg_000000_080438_gtFine_polygons.json,18,train
hamburg_000000_080674_gtFine_polygons.json,31,train
hamburg_000000_080878_gtFine_polygons.json,27,train
hamburg_000000_081299_gtFine_polygons.json,47,train
hamburg_000000_082187_gtFine_polygons.json,17,train
hamburg_000000_082301_gtFine_polygons.json,16,train
hamburg_000000_083586_gtFine_polygons.json,38,train
hamburg_000000_083696_gtFine_polygons.json,30,train
hamburg_000000_084746_gtFine_polygons.json,54,train
hamburg_000000_084865_gtFine_polygons.json,46,train
hamburg_000000_085073_gtFine_polygons.json,34,train
hamburg_000000_085321_gtFine_polygons.json,30,train
hamburg_000000_085413_gtFine_polygons.json,39,train
hamburg_000000_085645_gtFine_polygons.json,35,train
hamburg_000000_085982_gtFine_polygons.json,26,train
hamburg_000000_086499_gtFine_polygons.json,37,train
hamburg_000000_086636_gtFine_polygons.json,36,train
hamburg_000000_087216_gtFine_polygons.json,34,train
hamburg_000000_087822_gtFine_polygons.json,40,train
hamburg_000000_088054_gtFine_polygons.json,35,train
hamburg_000000_088197_gtFine_polygons.json,24,train
hamburg_000000_088627_gtFine_polygons.json,22,train
hamburg_000000_088783_gtFine_polygons.json,31,train
hamburg_000000_088939_gtFine_polygons.json,39,train
hamburg_000000_088983_gtFine_polygons.json,43,train
hamburg_000000_089491_gtFine_polygons.json,27,train
hamburg_000000_089696_gtFine_polygons.json,44,train
hamburg_000000_090398_gtFine_polygons.json,43,train
hamburg_000000_090742_gtFine_polygons.json,36,train
hamburg_000000_091038_gtFine_polygons.json,29,train
hamburg_000000_091155_gtFine_polygons.json,23,train
hamburg_000000_091900_gtFine_polygons.json,16,train
hamburg_000000_092476_gtFine_polygons.json,19,train
hamburg_000000_092850_gtFine_polygons.json,24,train
hamburg_000000_093325_gtFine_polygons.json,23,train
hamburg_000000_093572_gtFine_polygons.json,30,train
hamburg_000000_093787_gtFine_polygons.json,16,train
hamburg_000000_094185_gtFine_polygons.json,26,train
hamburg_000000_094717_gtFine_polygons.json,11,train
hamburg_000000_095561_gtFine_polygons.json,20,train
hamburg_000000_096063_gtFine_polygons.json,28,train
hamburg_000000_096624_gtFine_polygons.json,16,train
hamburg_000000_097086_gtFine_polygons.json,16,train
hamburg_000000_097447_gtFine_polygons.json,18,train
hamburg_000000_098061_gtFine_polygons.json,29,train
hamburg_000000_098400_gtFine_polygons.json,37,train
hamburg_000000_098616_gtFine_polygons.json,3,train
hamburg_000000_098862_gtFine_polygons.json,66,train
hamburg_000000_099109_gtFine_polygons.json,42,train
hamburg_000000_099368_gtFine_polygons.json,14,train
hamburg_000000_099902_gtFine_polygons.json,120,train
hamburg_000000_100300_gtFine_polygons.json,101,train
hamburg_000000_101724_gtFine_polygons.json,32,train
hamburg_000000_102379_gtFine_polygons.json,36,train
hamburg_000000_102574_gtFine_polygons.json,34,train
hamburg_000000_103075_gtFine_polygons.json,63,train
hamburg_000000_103186_gtFine_polygons.json,74,train
hamburg_000000_103367_gtFine_polygons.json,54,train
hamburg_000000_103541_gtFine_polygons.json,45,train
hamburg_000000_103856_gtFine_polygons.json,60,train
hamburg_000000_104428_gtFine_polygons.json,42,train
hamburg_000000_104857_gtFine_polygons.json,49,train
hamburg_000000_105123_gtFine_polygons.json,57,train
hamburg_000000_105296_gtFine_polygons.json,60,train
hamburg_000000_105464_gtFine_polygons.json,56,train
hamburg_000000_105724_gtFine_polygons.json,44,train
hamburg_000000_106102_gtFine_polygons.json,25,train
hanover_000000_000164_gtFine_polygons.json,6,train
hanover_000000_000381_gtFine_polygons.json,30,train
hanover_000000_000712_gtFine_polygons.json,17,train
hanover_000000_001173_gtFine_polygons.json,22,train
hanover_000000_001620_gtFine_polygons.json,6,train
hanover_000000_002140_gtFine_polygons.json,17,train
hanover_000000_002357_gtFine_polygons.json,22,train
hanover_000000_002458_gtFine_polygons.json,29,train
hanover_000000_003224_gtFine_polygons.json,18,train
hanover_000000_003411_gtFine_polygons.json,10,train
hanover_000000_003853_gtFine_polygons.json,23,train
hanover_000000_004230_gtFine_polygons.json,25,train
hanover_000000_004646_gtFine_polygons.json,21,train
hanover_000000_004752_gtFine_polygons.json,31,train
hanover_000000_005175_gtFine_polygons.json,36,train
hanover_000000_005288_gtFine_polygons.json,28,train
hanover_000000_005599_gtFine_polygons.json,26,train
hanover_000000_005732_gtFine_polygons.json,30,train
hanover_000000_005970_gtFine_polygons.json,31,train
hanover_000000_006355_gtFine_polygons.json,22,train
hanover_000000_006922_gtFine_polygons.json,6,train
hanover_000000_007342_gtFine_polygons.json,24,train
hanover_000000_007780_gtFine_polygons.json,25,train
hanover_000000_007897_gtFine_polygons.json,20,train
hanover_000000_008017_gtFine_polygons.json,19,train
hanover_000000_008200_gtFine_polygons.json,25,train
hanover_000000_009004_gtFine_polygons.json,27,train
hanover_000000_009128_gtFine_polygons.json,42,train
hanover_000000_009420_gtFine_polygons.json,28,train
hanover_000000_010403_gtFine_polygons.json,32,train
hanover_000000_010553_gtFine_polygons.json,18,train
hanover_000000_011170_gtFine_polygons.json,14,train
hanover_000000_011471_gtFine_polygons.json,12,train
hanover_000000_011971_gtFine_polygons.json,25,train
hanover_000000_012347_gtFine_polygons.json,11,train
hanover_000000_012675_gtFine_polygons.json,15,train
hanover_000000_013094_gtFine_polygons.json,18,train
hanover_000000_013205_gtFine_polygons.json,16,train
hanover_000000_013814_gtFine_polygons.json,33,train
hanover_000000_014319_gtFine_polygons.json,20,train
hanover_000000_014537_gtFine_polygons.json,23,train
hanover_000000_014713_gtFine_polygons.json,15,train
hanover_000000_014919_gtFine_polygons.json,6,train
hanover_000000_015587_gtFine_polygons.json,14,train
hanover_000000_015849_gtFine_polygons.json,31,train
hanover_000000_016038_gtFine_polygons.json,18,train
hanover_000000_016558_gtFine_polygons.json,18,train
hanover_000000_017041_gtFine_polygons.json,28,train
hanover_000000_018213_gtFine_polygons.json,25,train
hanover_000000_018546_gtFine_polygons.json,13,train
hanover_000000_018800_gtFine_polygons.json,27,train
hanover_000000_019116_gtFine_polygons.json,4,train
hanover_000000_019282_gtFine_polygons.json,21,train
hanover_000000_019456_gtFine_polygons.json,31,train
hanover_000000_019672_gtFine_polygons.json,23,train
hanover_000000_019938_gtFine_polygons.json,7,train
hanover_000000_020089_gtFine_polygons.json,13,train
hanover_000000_020655_gtFine_polygons.json,13,train
hanover_000000_021337_gtFine_polygons.json,29,train
hanover_000000_022645_gtFine_polygons.json,23,train
hanover_000000_023239_gtFine_polygons.json,20,train
hanover_000000_023276_gtFine_polygons.json,12,train
hanover_000000_023614_gtFine_polygons.json,37,train
hanover_000000_023881_gtFine_polygons.json,16,train
hanover_000000_023975_gtFine_polygons.json,39,train
hanover_000000_024136_gtFine_polygons.json,20,train
hanover_000000_024276_gtFine_polygons.json,13,train
hanover_000000_024441_gtFine_polygons.json,18,train
hanover_000000_024719_gtFine_polygons.json,5,train
hanover_000000_024989_gtFine_polygons.json,20,train
hanover_000000_025335_gtFine_polygons.json,41,train
hanover_000000_025437_gtFine_polygons.json,31,train
hanover_000000_026014_gtFine_polygons.json,15,train
hanover_000000_026183_gtFine_polygons.json,26,train
hanover_000000_026356_gtFine_polygons.json,34,train
hanover_000000_026743_gtFine_polygons.json,31,train
hanover_000000_026804_gtFine_polygons.json,31,train
hanover_000000_027007_gtFine_polygons.json,26,train
hanover_000000_027282_gtFine_polygons.json,38,train
hanover_000000_027390_gtFine_polygons.json,43,train
hanover_000000_027481_gtFine_polygons.json,27,train
hanover_000000_027561_gtFine_polygons.json,35,train
hanover_000000_027650_gtFine_polygons.json,29,train
hanover_000000_027766_gtFine_polygons.json,32,train
hanover_000000_027998_gtFine_polygons.json,26,train
hanover_000000_028202_gtFine_polygons.json,23,train
hanover_000000_028460_gtFine_polygons.json,24,train
hanover_000000_029043_gtFine_polygons.json,39,train
hanover_000000_029325_gtFine_polygons.json,47,train
hanover_000000_029404_gtFine_polygons.json,48,train
hanover_000000_029455_gtFine_polygons.json,38,train
hanover_000000_029769_gtFine_polygons.json,39,train
hanover_000000_030276_gtFine_polygons.json,38,train
hanover_000000_030346_gtFine_polygons.json,32,train
hanover_000000_030546_gtFine_polygons.json,24,train
hanover_000000_030781_gtFine_polygons.json,14,train
hanover_000000_030889_gtFine_polygons.json,13,train
hanover_000000_031144_gtFine_polygons.json,15,train
hanover_000000_031856_gtFine_polygons.json,20,train
hanover_000000_032210_gtFine_polygons.json,29,train
hanover_000000_032351_gtFine_polygons.json,24,train
hanover_000000_032559_gtFine_polygons.json,14,train
hanover_000000_032681_gtFine_polygons.json,21,train
hanover_000000_033457_gtFine_polygons.json,22,train
hanover_000000_034015_gtFine_polygons.json,26,train
hanover_000000_034141_gtFine_polygons.json,15,train
hanover_000000_034347_gtFine_polygons.json,16,train
hanover_000000_034560_gtFine_polygons.json,13,train
hanover_000000_034720_gtFine_polygons.json,14,train
hanover_000000_034935_gtFine_polygons.json,23,train
hanover_000000_035491_gtFine_polygons.json,39,train
hanover_000000_035606_gtFine_polygons.json,26,train
hanover_000000_035768_gtFine_polygons.json,37,train
hanover_000000_036051_gtFine_polygons.json,13,train
hanover_000000_036562_gtFine_polygons.json,11,train
hanover_000000_037039_gtFine_polygons.json,25,train
hanover_000000_037298_gtFine_polygons.json,16,train
hanover_000000_037516_gtFine_polygons.json,11,train
hanover_000000_038773_gtFine_polygons.json,11,train
hanover_000000_038855_gtFine_polygons.json,22,train
hanover_000000_038927_gtFine_polygons.json,62,train
hanover_000000_039021_gtFine_polygons.json,42,train
hanover_000000_039470_gtFine_polygons.json,23,train
hanover_000000_040051_gtFine_polygons.json,24,train
hanover_000000_040133_gtFine_polygons.json,50,train
hanover_000000_040221_gtFine_polygons.json,30,train
hanover_000000_040294_gtFine_polygons.json,46,train
hanover_000000_040456_gtFine_polygons.json,23,train
hanover_000000_040793_gtFine_polygons.json,37,train
hanover_000000_041232_gtFine_polygons.json,33,train
hanover_000000_041493_gtFine_polygons.json,17,train
hanover_000000_041610_gtFine_polygons.json,15,train
hanover_000000_042255_gtFine_polygons.json,27,train
hanover_000000_042382_gtFine_polygons.json,20,train
hanover_000000_042581_gtFine_polygons.json,14,train
hanover_000000_042770_gtFine_polygons.json,27,train
hanover_000000_042992_gtFine_polygons.json,28,train
hanover_000000_043102_gtFine_polygons.json,50,train
hanover_000000_043236_gtFine_polygons.json,27,train
hanover_000000_043550_gtFine_polygons.json,23,train
hanover_000000_043653_gtFine_polygons.json,20,train
hanover_000000_043822_gtFine_polygons.json,36,train
hanover_000000_044085_gtFine_polygons.json,29,train
hanover_000000_044195_gtFine_polygons.json,27,train
hanover_000000_044344_gtFine_polygons.json,12,train
hanover_000000_044622_gtFine_polygons.json,13,train
hanover_000000_045004_gtFine_polygons.json,28,train
hanover_000000_045188_gtFine_polygons.json,28,train
hanover_000000_045446_gtFine_polygons.json,20,train
hanover_000000_045657_gtFine_polygons.json,11,train
hanover_000000_045841_gtFine_polygons.json,19,train
hanover_000000_046200_gtFine_polygons.json,7,train
hanover_000000_046398_gtFine_polygons.json,32,train
hanover_000000_046572_gtFine_polygons.json,20,train
hanover_000000_046646_gtFine_polygons.json,13,train
hanover_000000_046732_gtFine_polygons.json,12,train
hanover_000000_046954_gtFine_polygons.json,14,train
hanover_000000_047499_gtFine_polygons.json,11,train
hanover_000000_047629_gtFine_polygons.json,15,train
hanover_000000_047870_gtFine_polygons.json,22,train
hanover_000000_048274_gtFine_polygons.json,19,train
hanover_000000_048379_gtFine_polygons.json,22,train
hanover_000000_048508_gtFine_polygons.json,14,train
hanover_000000_048765_gtFine_polygons.json,11,train
hanover_000000_049005_gtFine_polygons.json,27,train
hanover_000000_049269_gtFine_polygons.json,15,train
hanover_000000_049465_gtFine_polygons.json,18,train
hanover_000000_050228_gtFine_polygons.json,10,train
hanover_000000_050398_gtFine_polygons.json,24,train
hanover_000000_051059_gtFine_polygons.json,17,train
hanover_000000_051152_gtFine_polygons.json,18,train
hanover_000000_051271_gtFine_polygons.json,22,train
hanover_000000_051536_gtFine_polygons.json,26,train
hanover_000000_051842_gtFine_polygons.json,26,train
hanover_000000_052013_gtFine_polygons.json,23,train
hanover_000000_052512_gtFine_polygons.json,7,train
hanover_000000_052649_gtFine_polygons.json,29,train
hanover_000000_052729_gtFine_polygons.json,26,train
hanover_000000_052887_gtFine_polygons.json,39,train
hanover_000000_053027_gtFine_polygons.json,35,train
hanover_000000_053437_gtFine_polygons.json,40,train
hanover_000000_053604_gtFine_polygons.json,32,train
hanover_000000_054276_gtFine_polygons.json,5,train
hanover_000000_054965_gtFine_polygons.json,10,train
hanover_000000_055124_gtFine_polygons.json,17,train
hanover_000000_055592_gtFine_polygons.json,13,train
hanover_000000_055800_gtFine_polygons.json,20,train
hanover_000000_055937_gtFine_polygons.json,12,train
hanover_000000_056142_gtFine_polygons.json,22,train
hanover_000000_056361_gtFine_polygons.json,32,train
hanover_000000_056457_gtFine_polygons.json,29,train
hanover_000000_056601_gtFine_polygons.json,32,train
hanover_000000_056800_gtFine_polygons.json,17,train
hanover_000000_057532_gtFine_polygons.json,17,train
hanover_000000_057710_gtFine_polygons.json,22,train
hanover_000000_058189_gtFine_polygons.json,10,train
jena_000000_000019_gtFine_polygons.json,9,train
jena_000001_000019_gtFine_polygons.json,1,train
jena_000002_000019_gtFine_polygons.json,2,train
jena_000003_000019_gtFine_polygons.json,4,train
jena_000004_000019_gtFine_polygons.json,12,train
jena_000005_000019_gtFine_polygons.json,15,train
jena_000006_000019_gtFine_polygons.json,14,train
jena_000007_000019_gtFine_polygons.json,24,train
jena_000008_000019_gtFine_polygons.json,24,train
jena_000009_000019_gtFine_polygons.json,18,train
jena_000010_000019_gtFine_polygons.json,15,train
jena_000011_000019_gtFine_polygons.json,25,train
jena_000012_000019_gtFine_polygons.json,11,train
jena_000013_000019_gtFine_polygons.json,18,train
jena_000014_000019_gtFine_polygons.json,4,train
jena_000015_000019_gtFine_polygons.json,5,train
jena_000016_000019_gtFine_polygons.json,5,train
jena_000017_000019_gtFine_polygons.json,6,train
jena_000018_000019_gtFine_polygons.json,3,train
jena_000019_000019_gtFine_polygons.json,4,train
jena_000020_000019_gtFine_polygons.json,5,train
jena_000021_000019_gtFine_polygons.json,4,train
jena_000022_000019_gtFine_polygons.json,18,train
jena_000023_000019_gtFine_polygons.json,15,train
jena_000024_000019_gtFine_polygons.json,14,train
jena_000025_000019_gtFine_polygons.json,15,train
jena_000026_000019_gtFine_polygons.json,21,train
jena_000027_000019_gtFine_polygons.json,16,train
jena_000028_000019_gtFine_polygons.json,47,train
jena_000029_000019_gtFine_polygons.json,22,train
jena_000030_000019_gtFine_polygons.json,3,train
jena_000031_000019_gtFine_polygons.json,22,train
jena_000032_000019_gtFine_polygons.json,16,train
jena_000033_000019_gtFine_polygons.json,20,train
jena_000034_000019_gtFine_polygons.json,2,train
jena_000035_000019_gtFine_polygons.json,19,train
jena_000036_000019_gtFine_polygons.json,20,train
jena_000037_000019_gtFine_polygons.json,18,train
jena_000038_000019_gtFine_polygons.json,17,train
jena_000039_000019_gtFine_polygons.json,7,train
jena_000040_000019_gtFine_polygons.json,13,train
jena_000041_000019_gtFine_polygons.json,13,train
jena_000042_000019_gtFine_polygons.json,14,train
jena_000043_000019_gtFine_polygons.json,13,train
jena_000044_000019_gtFine_polygons.json,32,train
jena_000045_000019_gtFine_polygons.json,14,train
jena_000046_000019_gtFine_polygons.json,12,train
jena_000047_000019_gtFine_polygons.json,9,train
jena_000048_000019_gtFine_polygons.json,7,train
jena_000049_000019_gtFine_polygons.json,7,train
jena_000050_000019_gtFine_polygons.json,9,train
jena_000051_000019_gtFine_polygons.json,27,train
jena_000052_000019_gtFine_polygons.json,15,train
jena_000053_000019_gtFine_polygons.json,9,train
jena_000054_000019_gtFine_polygons.json,8,train
jena_000055_000019_gtFine_polygons.json,18,train
jena_000056_000019_gtFine_polygons.json,5,train
jena_000057_000019_gtFine_polygons.json,10,train
jena_000058_000019_gtFine_polygons.json,14,train
jena_000059_000019_gtFine_polygons.json,7,train
jena_000060_000019_gtFine_polygons.json,5,train
jena_000061_000019_gtFine_polygons.json,24,train
jena_000062_000019_gtFine_polygons.json,23,train
jena_000063_000019_gtFine_polygons.json,18,train
jena_000064_000019_gtFine_polygons.json,3,train
jena_000065_000019_gtFine_polygons.json,18,train
jena_000066_000019_gtFine_polygons.json,11,train
jena_000067_000019_gtFine_polygons.json,8,train
jena_000068_000019_gtFine_polygons.json,21,train
jena_000069_000019_gtFine_polygons.json,11,train
jena_000070_000019_gtFine_polygons.json,13,train
jena_000071_000019_gtFine_polygons.json,7,train
jena_000072_000019_gtFine_polygons.json,4,train
jena_000073_000019_gtFine_polygons.json,11,train
jena_000074_000019_gtFine_polygons.json,12,train
jena_000075_000019_gtFine_polygons.json,25,train
jena_000076_000019_gtFine_polygons.json,28,train
jena_000077_000019_gtFine_polygons.json,24,train
jena_000078_000019_gtFine_polygons.json,10,train
jena_000079_000019_gtFine_polygons.json,15,train
jena_000080_000019_gtFine_polygons.json,22,train
jena_000081_000019_gtFine_polygons.json,34,train
jena_000082_000019_gtFine_polygons.json,25,train
jena_000083_000019_gtFine_polygons.json,18,train
jena_000084_000019_gtFine_polygons.json,21,train
jena_000085_000019_gtFine_polygons.json,22,train
jena_000086_000019_gtFine_polygons.json,11,train
jena_000087_000019_gtFine_polygons.json,5,train
jena_000088_000019_gtFine_polygons.json,25,train
jena_000089_000019_gtFine_polygons.json,24,train
jena_000090_000019_gtFine_polygons.json,34,train
jena_000091_000019_gtFine_polygons.json,15,train
jena_000092_000019_gtFine_polygons.json,18,train
jena_000093_000019_gtFine_polygons.json,17,train
jena_000094_000019_gtFine_polygons.json,7,train
jena_000095_000019_gtFine_polygons.json,6,train
jena_000096_000019_gtFine_polygons.json,8,train
jena_000097_000019_gtFine_polygons.json,8,train
jena_000098_000019_gtFine_polygons.json,2,train
jena_000099_000019_gtFine_polygons.json,4,train
jena_000100_000019_gtFine_polygons.json,5,train
jena_000101_000019_gtFine_polygons.json,9,train
jena_000102_000019_gtFine_polygons.json,7,train
jena_000103_000019_gtFine_polygons.json,12,train
jena_000104_000019_gtFine_polygons.json,4,train
jena_000105_000019_gtFine_polygons.json,11,train
jena_000106_000019_gtFine_polygons.json,12,train
jena_000107_000019_gtFine_polygons.json,5,train
jena_000108_000019_gtFine_polygons.json,21,train
jena_000109_000019_gtFine_polygons.json,9,train
jena_000110_000019_gtFine_polygons.json,19,train
jena_000111_000019_gtFine_polygons.json,4,train
jena_000112_000019_gtFine_polygons.json,10,train
jena_000113_000019_gtFine_polygons.json,8,train
jena_000114_000019_gtFine_polygons.json,29,train
jena_000115_000019_gtFine_polygons.json,21,train
jena_000116_000019_gtFine_polygons.json,7,train
jena_000117_000019_gtFine_polygons.json,9,train
jena_000118_000019_gtFine_polygons.json,11,train
krefeld_000000_000108_gtFine_polygons.json,11,train
krefeld_000000_000316_gtFine_polygons.json,19,train
krefeld_000000_000442_gtFine_polygons.json,21,train
krefeld_000000_000926_gtFine_polygons.json,19,train
krefeld_000000_001566_gtFine_polygons.json,26,train
krefeld_000000_001908_gtFine_polygons.json,17,train
krefeld_000000_002083_gtFine_polygons.json,27,train
krefeld_000000_003096_gtFine_polygons.json,14,train
krefeld_000000_003707_gtFine_polygons.json,18,train
krefeld_000000_003937_gtFine_polygons.json,25,train
krefeld_000000_004447_gtFine_polygons.json,15,train
krefeld_000000_004608_gtFine_polygons.json,10,train
krefeld_000000_005252_gtFine_polygons.json,7,train
krefeld_000000_005503_gtFine_polygons.json,7,train
krefeld_000000_006274_gtFine_polygons.json,7,train
krefeld_000000_006686_gtFine_polygons.json,14,train
krefeld_000000_007325_gtFine_polygons.json,7,train
krefeld_000000_008239_gtFine_polygons.json,8,train
krefeld_000000_008305_gtFine_polygons.json,13,train
krefeld_000000_008584_gtFine_polygons.json,7,train
krefeld_000000_009404_gtFine_polygons.json,11,train
krefeld_000000_009574_gtFine_polygons.json,9,train
krefeld_000000_009926_gtFine_polygons.json,15,train
krefeld_000000_010160_gtFine_polygons.json,12,train
krefeld_000000_010329_gtFine_polygons.json,7,train
krefeld_000000_010653_gtFine_polygons.json,7,train
krefeld_000000_011483_gtFine_polygons.json,10,train
krefeld_000000_011655_gtFine_polygons.json,9,train
krefeld_000000_012353_gtFine_polygons.json,8,train
krefeld_000000_012505_gtFine_polygons.json,5,train
krefeld_000000_013139_gtFine_polygons.json,1,train
krefeld_000000_013257_gtFine_polygons.json,1,train
krefeld_000000_013766_gtFine_polygons.json,13,train
krefeld_000000_014146_gtFine_polygons.json,10,train
krefeld_000000_014673_gtFine_polygons.json,10,train
krefeld_000000_014886_gtFine_polygons.json,15,train
krefeld_000000_015116_gtFine_polygons.json,3,train
krefeld_000000_015494_gtFine_polygons.json,8,train
krefeld_000000_015687_gtFine_polygons.json,7,train
krefeld_000000_015868_gtFine_polygons.json,7,train
krefeld_000000_016342_gtFine_polygons.json,6,train
krefeld_000000_016863_gtFine_polygons.json,4,train
krefeld_000000_017042_gtFine_polygons.json,7,train
krefeld_000000_017342_gtFine_polygons.json,10,train
krefeld_000000_017489_gtFine_polygons.json,5,train
krefeld_000000_018004_gtFine_polygons.json,19,train
krefeld_000000_018514_gtFine_polygons.json,9,train
krefeld_000000_018747_gtFine_polygons.json,4,train
krefeld_000000_018866_gtFine_polygons.json,5,train
krefeld_000000_019125_gtFine_polygons.json,4,train
krefeld_000000_019697_gtFine_polygons.json,8,train
krefeld_000000_019791_gtFine_polygons.json,17,train
krefeld_000000_020033_gtFine_polygons.json,19,train
krefeld_000000_020334_gtFine_polygons.json,4,train
krefeld_000000_020624_gtFine_polygons.json,4,train
krefeld_000000_020873_gtFine_polygons.json,8,train
krefeld_000000_020933_gtFine_polygons.json,11,train
krefeld_000000_021000_gtFine_polygons.json,14,train
krefeld_000000_021222_gtFine_polygons.json,13,train
krefeld_000000_021553_gtFine_polygons.json,13,train
krefeld_000000_021814_gtFine_polygons.json,19,train
krefeld_000000_022162_gtFine_polygons.json,16,train
krefeld_000000_023143_gtFine_polygons.json,12,train
krefeld_000000_023338_gtFine_polygons.json,9,train
krefeld_000000_023510_gtFine_polygons.json,6,train
krefeld_000000_023698_gtFine_polygons.json,10,train
krefeld_000000_024276_gtFine_polygons.json,9,train
krefeld_000000_024362_gtFine_polygons.json,16,train
krefeld_000000_024604_gtFine_polygons.json,16,train
krefeld_000000_024921_gtFine_polygons.json,11,train
krefeld_000000_025434_gtFine_polygons.json,14,train
krefeld_000000_025812_gtFine_polygons.json,14,train
krefeld_000000_026269_gtFine_polygons.json,7,train
krefeld_000000_026580_gtFine_polygons.json,21,train
krefeld_000000_026919_gtFine_polygons.json,10,train
krefeld_000000_027075_gtFine_polygons.json,6,train
krefeld_000000_027596_gtFine_polygons.json,21,train
krefeld_000000_027954_gtFine_polygons.json,6,train
krefeld_000000_028378_gtFine_polygons.json,24,train
krefeld_000000_028638_gtFine_polygons.json,11,train
krefeld_000000_029050_gtFine_polygons.json,15,train
krefeld_000000_029704_gtFine_polygons.json,13,train
krefeld_000000_030111_gtFine_polygons.json,15,train
krefeld_000000_030221_gtFine_polygons.json,21,train
krefeld_000000_030400_gtFine_polygons.json,13,train
krefeld_000000_030560_gtFine_polygons.json,4,train
krefeld_000000_030701_gtFine_polygons.json,13,train
krefeld_000000_031257_gtFine_polygons.json,14,train
krefeld_000000_032390_gtFine_polygons.json,11,train
krefeld_000000_032614_gtFine_polygons.json,7,train
krefeld_000000_032845_gtFine_polygons.json,16,train
krefeld_000000_033478_gtFine_polygons.json,14,train
krefeld_000000_034156_gtFine_polygons.json,13,train
krefeld_000000_034231_gtFine_polygons.json,13,train
krefeld_000000_034389_gtFine_polygons.json,11,train
krefeld_000000_034686_gtFine_polygons.json,9,train
krefeld_000000_035124_gtFine_polygons.json,19,train
krefeld_000000_035398_gtFine_polygons.json,20,train
krefeld_000000_036299_gtFine_polygons.json,7,train
monchengladbach_000000_000076_gtFine_polygons.json,9,train
monchengladbach_000000_000383_gtFine_polygons.json,9,train
monchengladbach_000000_001068_gtFine_polygons.json,4,train
monchengladbach_000000_001294_gtFine_polygons.json,6,train
monchengladbach_000000_002255_gtFine_polygons.json,11,train
monchengladbach_000000_002478_gtFine_polygons.json,11,train
monchengladbach_000000_002972_gtFine_polygons.json,12,train
monchengladbach_000000_003442_gtFine_polygons.json,15,train
monchengladbach_000000_004580_gtFine_polygons.json,9,train
monchengladbach_000000_005138_gtFine_polygons.json,9,train
monchengladbach_000000_005686_gtFine_polygons.json,5,train
monchengladbach_000000_005876_gtFine_polygons.json,11,train
monchengladbach_000000_006169_gtFine_polygons.json,14,train
monchengladbach_000000_006518_gtFine_polygons.json,8,train
monchengladbach_000000_007098_gtFine_polygons.json,14,train
monchengladbach_000000_007695_gtFine_polygons.json,16,train
monchengladbach_000000_007851_gtFine_polygons.json,17,train
monchengladbach_000000_009191_gtFine_polygons.json,9,train
monchengladbach_000000_009615_gtFine_polygons.json,1,train
monchengladbach_000000_009690_gtFine_polygons.json,6,train
monchengladbach_000000_009930_gtFine_polygons.json,14,train
monchengladbach_000000_010280_gtFine_polygons.json,12,train
monchengladbach_000000_010505_gtFine_polygons.json,14,train
monchengladbach_000000_010733_gtFine_polygons.json,12,train
monchengladbach_000000_010860_gtFine_polygons.json,6,train
monchengladbach_000000_011383_gtFine_polygons.json,16,train
monchengladbach_000000_012376_gtFine_polygons.json,8,train
monchengladbach_000000_012672_gtFine_polygons.json,11,train
monchengladbach_000000_013228_gtFine_polygons.json,4,train
monchengladbach_000000_013352_gtFine_polygons.json,5,train
monchengladbach_000000_014685_gtFine_polygons.json,10,train
monchengladbach_000000_015126_gtFine_polygons.json,1,train
monchengladbach_000000_015561_gtFine_polygons.json,0,train
monchengladbach_000000_015685_gtFine_polygons.json,9,train
monchengladbach_000000_015928_gtFine_polygons.json,18,train
monchengladbach_000000_017950_gtFine_polygons.json,15,train
monchengladbach_000000_018114_gtFine_polygons.json,9,train
monchengladbach_000000_018294_gtFine_polygons.json,16,train
monchengladbach_000000_018445_gtFine_polygons.json,9,train
monchengladbach_000000_018575_gtFine_polygons.json,23,train
monchengladbach_000000_018720_gtFine_polygons.json,16,train
monchengladbach_000000_019142_gtFine_polygons.json,5,train
monchengladbach_000000_019500_gtFine_polygons.json,12,train
monchengladbach_000000_019682_gtFine_polygons.json,3,train
monchengladbach_000000_019901_gtFine_polygons.json,1,train
monchengladbach_000000_020303_gtFine_polygons.json,11,train
monchengladbach_000000_020596_gtFine_polygons.json,8,train
monchengladbach_000000_020856_gtFine_polygons.json,22,train
monchengladbach_000000_021104_gtFine_polygons.json,16,train
monchengladbach_000000_021663_gtFine_polygons.json,11,train
monchengladbach_000000_022361_gtFine_polygons.json,9,train
monchengladbach_000000_022748_gtFine_polygons.json,17,train
monchengladbach_000000_023052_gtFine_polygons.json,1,train
monchengladbach_000000_023375_gtFine_polygons.json,4,train
monchengladbach_000000_023489_gtFine_polygons.json,21,train
monchengladbach_000000_023856_gtFine_polygons.json,14,train
monchengladbach_000000_024243_gtFine_polygons.json,16,train
monchengladbach_000000_024637_gtFine_polygons.json,7,train
monchengladbach_000000_024964_gtFine_polygons.json,19,train
monchengladbach_000000_025215_gtFine_polygons.json,22,train
monchengladbach_000000_026006_gtFine_polygons.json,26,train
monchengladbach_000000_026305_gtFine_polygons.json,12,train
monchengladbach_000000_026602_gtFine_polygons.json,1,train
monchengladbach_000000_026908_gtFine_polygons.json,9,train
monchengladbach_000000_027628_gtFine_polygons.json,9,train
monchengladbach_000000_028216_gtFine_polygons.json,3,train
monchengladbach_000000_028563_gtFine_polygons.json,5,train
monchengladbach_000000_028883_gtFine_polygons.json,6,train
monchengladbach_000000_029240_gtFine_polygons.json,8,train
monchengladbach_000000_029526_gtFine_polygons.json,18,train
monchengladbach_000000_030010_gtFine_polygons.json,14,train
monchengladbach_000000_030662_gtFine_polygons.json,11,train
monchengladbach_000000_031005_gtFine_polygons.json,11,train
monchengladbach_000000_031360_gtFine_polygons.json,12,train
monchengladbach_000000_031623_gtFine_polygons.json,8,train
monchengladbach_000000_032540_gtFine_polygons.json,9,train
monchengladbach_000000_033454_gtFine_polygons.json,16,train
monchengladbach_000000_033683_gtFine_polygons.json,10,train
monchengladbach_000000_034302_gtFine_polygons.json,3,train
monchengladbach_000000_034621_gtFine_polygons.json,9,train
monchengladbach_000000_034930_gtFine_polygons.json,15,train
monchengladbach_000000_035083_gtFine_polygons.json,20,train
monchengladbach_000000_035364_gtFine_polygons.json,9,train
monchengladbach_000000_035650_gtFine_polygons.json,11,train
monchengladbach_000000_035718_gtFine_polygons.json,11,train
monchengladbach_000000_036139_gtFine_polygons.json,22,train
monchengladbach_000001_000054_gtFine_polygons.json,20,train
monchengladbach_000001_000168_gtFine_polygons.json,20,train
monchengladbach_000001_000537_gtFine_polygons.json,13,train
monchengladbach_000001_000876_gtFine_polygons.json,10,train
monchengladbach_000001_001531_gtFine_polygons.json,1,train
monchengladbach_000001_001936_gtFine_polygons.json,16,train
monchengladbach_000001_002229_gtFine_polygons.json,8,train
monchengladbach_000001_002353_gtFine_polygons.json,20,train
strasbourg_000000_000065_gtFine_polygons.json,20,train
strasbourg_000000_000295_gtFine_polygons.json,14,train
strasbourg_000000_000751_gtFine_polygons.json,10,train
strasbourg_000000_001278_gtFine_polygons.json,14,train
strasbourg_000000_002183_gtFine_polygons.json,11,train
strasbourg_000000_002553_gtFine_polygons.json,22,train
strasbourg_000000_003632_gtFine_polygons.json,26,train
strasbourg_000000_003846_gtFine_polygons.json,20,train
strasbourg_000000_004112_gtFine_polygons.json,26,train
strasbourg_000000_004248_gtFine_polygons.json,20,train
strasbourg_000000_004383_gtFine_polygons.json,16,train
strasbourg_000000_004660_gtFine_polygons.json,5,train
strasbourg_000000_004951_gtFine_polygons.json,14,train
strasbourg_000000_005249_gtFine_polygons.json,12,train
strasbourg_000000_005912_gtFine_polygons.json,4,train
strasbourg_000000_005995_gtFine_polygons.json,16,train
strasbourg_000000_006106_gtFine_polygons.json,10,train
strasbourg_000000_006264_gtFine_polygons.json,10,train
strasbourg_000000_006483_gtFine_polygons.json,16,train
strasbourg_000000_006621_gtFine_polygons.json,17,train
strasbourg_000000_006995_gtFine_polygons.json,13,train
strasbourg_000000_007441_gtFine_polygons.json,18,train
strasbourg_000000_007727_gtFine_polygons.json,12,train
strasbourg_000000_007813_gtFine_polygons.json,31,train
strasbourg_000000_008603_gtFine_polygons.json,29,train
strasbourg_000000_008677_gtFine_polygons.json,15,train
strasbourg_000000_008784_gtFine_polygons.json,24,train
strasbourg_000000_009110_gtFine_polygons.json,13,train
strasbourg_000000_009619_gtFine_polygons.json,14,train
strasbourg_000000_010049_gtFine_polygons.json,37,train
strasbourg_000000_010372_gtFine_polygons.json,21,train
strasbourg_000000_010816_gtFine_polygons.json,15,train
strasbourg_000000_011225_gtFine_polygons.json,21,train
strasbourg_000000_011880_gtFine_polygons.json,11,train
strasbourg_000000_012070_gtFine_polygons.json,9,train
strasbourg_000000_012934_gtFine_polygons.json,0,train
strasbourg_000000_013223_gtFine_polygons.json,43,train
strasbourg_000000_013322_gtFine_polygons.json,26,train
strasbourg_000000_013574_gtFine_polygons.json,15,train
strasbourg_000000_013654_gtFine_polygons.json,19,train
strasbourg_000000_013863_gtFine_polygons.json,28,train
strasbourg_000000_013944_gtFine_polygons.json,27,train
strasbourg_000000_014066_gtFine_polygons.json,8,train
strasbourg_000000_014101_gtFine_polygons.json,13,train
strasbourg_000000_014235_gtFine_polygons.json,16,train
strasbourg_000000_014416_gtFine_polygons.json,21,train
strasbourg_000000_014503_gtFine_polygons.json,18,train
strasbourg_000000_014584_gtFine_polygons.json,11,train
strasbourg_000000_014743_gtFine_polygons.json,15,train
strasbourg_000000_014931_gtFine_polygons.json,29,train
strasbourg_000000_015131_gtFine_polygons.json,27,train
strasbourg_000000_015506_gtFine_polygons.json,23,train
strasbourg_000000_015602_gtFine_polygons.json,20,train
strasbourg_000000_015764_gtFine_polygons.json,21,train
strasbourg_000000_016024_gtFine_polygons.json,29,train
strasbourg_000000_016247_gtFine_polygons.json,25,train
strasbourg_000000_016311_gtFine_polygons.json,23,train
strasbourg_000000_016436_gtFine_polygons.json,24,train
strasbourg_000000_017044_gtFine_polygons.json,54,train
strasbourg_000000_017081_gtFine_polygons.json,32,train
strasbourg_000000_017159_gtFine_polygons.json,12,train
strasbourg_000000_017283_gtFine_polygons.json,3,train
strasbourg_000000_017450_gtFine_polygons.json,22,train
strasbourg_000000_017593_gtFine_polygons.json,6,train
strasbourg_000000_017761_gtFine_polygons.json,15,train
strasbourg_000000_018153_gtFine_polygons.json,7,train
strasbourg_000000_018358_gtFine_polygons.json,5,train
strasbourg_000000_018616_gtFine_polygons.json,2,train
strasbourg_000000_018874_gtFine_polygons.json,15,train
strasbourg_000000_019050_gtFine_polygons.json,3,train
strasbourg_000000_019229_gtFine_polygons.json,5,train
strasbourg_000000_019355_gtFine_polygons.json,13,train
strasbourg_000000_019617_gtFine_polygons.json,11,train
strasbourg_000000_019891_gtFine_polygons.json,15,train
strasbourg_000000_020432_gtFine_polygons.json,16,train
strasbourg_000000_020653_gtFine_polygons.json,7,train
strasbourg_000000_021231_gtFine_polygons.json,4,train
strasbourg_000000_021651_gtFine_polygons.json,5,train
strasbourg_000000_022067_gtFine_polygons.json,9,train
strasbourg_000000_022489_gtFine_polygons.json,7,train
strasbourg_000000_023064_gtFine_polygons.json,17,train
strasbourg_000000_023694_gtFine_polygons.json,8,train
strasbourg_000000_023854_gtFine_polygons.json,0,train
strasbourg_000000_024179_gtFine_polygons.json,5,train
strasbourg_000000_024945_gtFine_polygons.json,27,train
strasbourg_000000_025089_gtFine_polygons.json,24,train
strasbourg_000000_025268_gtFine_polygons.json,33,train
strasbourg_000000_025351_gtFine_polygons.json,15,train
strasbourg_000000_025491_gtFine_polygons.json,15,train
strasbourg_000000_025772_gtFine_polygons.json,17,train
strasbourg_000000_025907_gtFine_polygons.json,20,train
strasbourg_000000_026316_gtFine_polygons.json,21,train
strasbourg_000000_026575_gtFine_polygons.json,20,train
strasbourg_000000_026611_gtFine_polygons.json,19,train
strasbourg_000000_026741_gtFine_polygons.json,17,train
strasbourg_000000_026882_gtFine_polygons.json,15,train
strasbourg_000000_026998_gtFine_polygons.json,15,train
strasbourg_000000_027156_gtFine_polygons.json,27,train
strasbourg_000000_027233_gtFine_polygons.json,21,train
strasbourg_000000_027771_gtFine_polygons.json,29,train
strasbourg_000000_028240_gtFine_polygons.json,11,train
strasbourg_000000_028556_gtFine_polygons.json,32,train
strasbourg_000000_028628_gtFine_polygons.json,27,train
strasbourg_000000_028822_gtFine_polygons.json,46,train
strasbourg_000000_028912_gtFine_polygons.json,25,train
strasbourg_000000_029020_gtFine_polygons.json,27,train
strasbourg_000000_029051_gtFine_polygons.json,25,train
strasbourg_000000_029179_gtFine_polygons.json,37,train
strasbourg_000000_029281_gtFine_polygons.json,44,train
strasbourg_000000_029339_gtFine_polygons.json,51,train
strasbourg_000000_029400_gtFine_polygons.json,37,train
strasbourg_000000_029481_gtFine_polygons.json,40,train
strasbourg_000000_029577_gtFine_polygons.json,26,train
strasbourg_000000_029729_gtFine_polygons.json,30,train
strasbourg_000000_029839_gtFine_polygons.json,21,train
strasbourg_000000_029915_gtFine_polygons.json,26,train
strasbourg_000000_030017_gtFine_polygons.json,17,train
strasbourg_000000_030122_gtFine_polygons.json,15,train
strasbourg_000000_030324_gtFine_polygons.json,23,train
strasbourg_000000_030435_gtFine_polygons.json,29,train
strasbourg_000000_030706_gtFine_polygons.json,18,train
strasbourg_000000_030941_gtFine_polygons.json,18,train
strasbourg_000000_031067_gtFine_polygons.json,16,train
strasbourg_000000_031223_gtFine_polygons.json,12,train
strasbourg_000000_031323_gtFine_polygons.json,4,train
strasbourg_000000_031602_gtFine_polygons.json,23,train
strasbourg_000000_032186_gtFine_polygons.json,22,train
strasbourg_000000_032346_gtFine_polygons.json,39,train
strasbourg_000000_032962_gtFine_polygons.json,20,train
strasbourg_000000_033062_gtFine_polygons.json,36,train
strasbourg_000000_033129_gtFine_polygons.json,27,train
strasbourg_000000_033425_gtFine_polygons.json,18,train
strasbourg_000000_033747_gtFine_polygons.json,23,train
strasbourg_000000_033838_gtFine_polygons.json,27,train
strasbourg_000000_034040_gtFine_polygons.json,8,train
strasbourg_000000_034097_gtFine_polygons.json,12,train
strasbourg_000000_034387_gtFine_polygons.json,12,train
strasbourg_000000_034652_gtFine_polygons.json,4,train
strasbourg_000000_035008_gtFine_polygons.json,6,train
strasbourg_000000_035255_gtFine_polygons.json,12,train
strasbourg_000000_035571_gtFine_polygons.json,0,train
strasbourg_000000_035713_gtFine_polygons.json,14,train
strasbourg_000000_035942_gtFine_polygons.json,3,train
strasbourg_000000_036016_gtFine_polygons.json,0,train
strasbourg_000001_000113_gtFine_polygons.json,11,train
strasbourg_000001_000508_gtFine_polygons.json,14,train
strasbourg_000001_000710_gtFine_polygons.json,20,train
strasbourg_000001_000778_gtFine_polygons.json,15,train
strasbourg_000001_001072_gtFine_polygons.json,12,train
strasbourg_000001_001449_gtFine_polygons.json,7,train
strasbourg_000001_001722_gtFine_polygons.json,11,train
strasbourg_000001_001901_gtFine_polygons.json,8,train
strasbourg_000001_002081_gtFine_polygons.json,18,train
strasbourg_000001_002216_gtFine_polygons.json,10,train
strasbourg_000001_002354_gtFine_polygons.json,4,train
strasbourg_000001_002519_gtFine_polygons.json,13,train
strasbourg_000001_002644_gtFine_polygons.json,13,train
strasbourg_000001_002949_gtFine_polygons.json,20,train
strasbourg_000001_003159_gtFine_polygons.json,7,train
strasbourg_000001_003489_gtFine_polygons.json,4,train
strasbourg_000001_003676_gtFine_polygons.json,8,train
strasbourg_000001_003991_gtFine_polygons.json,17,train
strasbourg_000001_004106_gtFine_polygons.json,8,train
strasbourg_000001_004260_gtFine_polygons.json,9,train
strasbourg_000001_004745_gtFine_polygons.json,15,train
strasbourg_000001_004983_gtFine_polygons.json,21,train
strasbourg_000001_005219_gtFine_polygons.json,11,train
strasbourg_000001_005289_gtFine_polygons.json,10,train
strasbourg_000001_005666_gtFine_polygons.json,13,train
strasbourg_000001_005876_gtFine_polygons.json,28,train
strasbourg_000001_006153_gtFine_polygons.json,26,train
strasbourg_000001_006386_gtFine_polygons.json,30,train
strasbourg_000001_006562_gtFine_polygons.json,23,train
strasbourg_000001_006916_gtFine_polygons.json,21,train
strasbourg_000001_007148_gtFine_polygons.json,25,train
strasbourg_000001_007524_gtFine_polygons.json,3,train
strasbourg_000001_007657_gtFine_polygons.json,15,train
strasbourg_000001_007864_gtFine_polygons.json,17,train
strasbourg_000001_008310_gtFine_polygons.json,27,train
strasbourg_000001_008576_gtFine_polygons.json,16,train
strasbourg_000001_008771_gtFine_polygons.json,17,train
strasbourg_000001_009097_gtFine_polygons.json,5,train
strasbourg_000001_009246_gtFine_polygons.json,14,train
strasbourg_000001_009333_gtFine_polygons.json,19,train
strasbourg_000001_009471_gtFine_polygons.json,43,train
strasbourg_000001_009618_gtFine_polygons.json,45,train
strasbourg_000001_009795_gtFine_polygons.json,42,train
strasbourg_000001_010162_gtFine_polygons.json,17,train
strasbourg_000001_010445_gtFine_polygons.json,12,train
strasbourg_000001_010640_gtFine_polygons.json,21,train
strasbourg_000001_010755_gtFine_polygons.json,13,train
strasbourg_000001_011617_gtFine_polygons.json,24,train
strasbourg_000001_011775_gtFine_polygons.json,11,train
strasbourg_000001_011990_gtFine_polygons.json,21,train
strasbourg_000001_012956_gtFine_polygons.json,5,train
strasbourg_000001_013266_gtFine_polygons.json,17,train
strasbourg_000001_013767_gtFine_polygons.json,7,train
strasbourg_000001_013914_gtFine_polygons.json,6,train
strasbourg_000001_014033_gtFine_polygons.json,11,train
strasbourg_000001_014258_gtFine_polygons.json,10,train
strasbourg_000001_014629_gtFine_polygons.json,12,train
strasbourg_000001_015220_gtFine_polygons.json,11,train
strasbourg_000001_015605_gtFine_polygons.json,14,train
strasbourg_000001_015974_gtFine_polygons.json,17,train
strasbourg_000001_016253_gtFine_polygons.json,8,train
strasbourg_000001_016376_gtFine_polygons.json,14,train
strasbourg_000001_016481_gtFine_polygons.json,17,train
strasbourg_000001_016681_gtFine_polygons.json,6,train
strasbourg_000001_017469_gtFine_polygons.json,14,train
strasbourg_000001_017540_gtFine_polygons.json,7,train
strasbourg_000001_017675_gtFine_polygons.json,4,train
strasbourg_000001_017844_gtFine_polygons.json,17,train
strasbourg_000001_018155_gtFine_polygons.json,29,train
strasbourg_000001_018432_gtFine_polygons.json,31,train
strasbourg_000001_018742_gtFine_polygons.json,8,train
strasbourg_000001_018872_gtFine_polygons.json,6,train
strasbourg_000001_019247_gtFine_polygons.json,9,train
strasbourg_000001_019698_gtFine_polygons.json,16,train
strasbourg_000001_020904_gtFine_polygons.json,4,train
strasbourg_000001_020956_gtFine_polygons.json,22,train
strasbourg_000001_021951_gtFine_polygons.json,2,train
strasbourg_000001_022151_gtFine_polygons.json,20,train
strasbourg_000001_022363_gtFine_polygons.json,16,train
strasbourg_000001_022560_gtFine_polygons.json,15,train
strasbourg_000001_022836_gtFine_polygons.json,15,train
strasbourg_000001_023271_gtFine_polygons.json,35,train
strasbourg_000001_023515_gtFine_polygons.json,19,train
strasbourg_000001_024152_gtFine_polygons.json,14,train
strasbourg_000001_024379_gtFine_polygons.json,15,train
strasbourg_000001_024701_gtFine_polygons.json,15,train
strasbourg_000001_025426_gtFine_polygons.json,18,train
strasbourg_000001_025833_gtFine_polygons.json,19,train
strasbourg_000001_026106_gtFine_polygons.json,17,train
strasbourg_000001_026355_gtFine_polygons.json,19,train
strasbourg_000001_026606_gtFine_polygons.json,4,train
strasbourg_000001_026856_gtFine_polygons.json,2,train
strasbourg_000001_027097_gtFine_polygons.json,17,train
strasbourg_000001_028379_gtFine_polygons.json,9,train
strasbourg_000001_028852_gtFine_polygons.json,21,train
strasbourg_000001_029178_gtFine_polygons.json,20,train
strasbourg_000001_029696_gtFine_polygons.json,27,train
strasbourg_000001_029980_gtFine_polygons.json,14,train
strasbourg_000001_030120_gtFine_polygons.json,21,train
strasbourg_000001_030269_gtFine_polygons.json,20,train
strasbourg_000001_030539_gtFine_polygons.json,28,train
strasbourg_000001_030725_gtFine_polygons.json,36,train
strasbourg_000001_030839_gtFine_polygons.json,6,train
strasbourg_000001_030997_gtFine_polygons.json,7,train
strasbourg_000001_031116_gtFine_polygons.json,8,train
strasbourg_000001_031272_gtFine_polygons.json,5,train
strasbourg_000001_031427_gtFine_polygons.json,8,train
strasbourg_000001_031582_gtFine_polygons.json,7,train
strasbourg_000001_031683_gtFine_polygons.json,6,train
strasbourg_000001_031976_gtFine_polygons.json,13,train
strasbourg_000001_032315_gtFine_polygons.json,24,train
strasbourg_000001_032660_gtFine_polygons.json,29,train
strasbourg_000001_033027_gtFine_polygons.json,16,train
strasbourg_000001_033448_gtFine_polygons.json,15,train
strasbourg_000001_033925_gtFine_polygons.json,8,train
strasbourg_000001_034375_gtFine_polygons.json,14,train
strasbourg_000001_034494_gtFine_polygons.json,21,train
strasbourg_000001_034633_gtFine_polygons.json,5,train
strasbourg_000001_034923_gtFine_polygons.json,15,train
strasbourg_000001_035276_gtFine_polygons.json,21,train
strasbourg_000001_035562_gtFine_polygons.json,11,train
strasbourg_000001_035689_gtFine_polygons.json,12,train
strasbourg_000001_036232_gtFine_polygons.json,11,train
strasbourg_000001_036480_gtFine_polygons.json,14,train
strasbourg_000001_036697_gtFine_polygons.json,11,train
strasbourg_000001_036937_gtFine_polygons.json,21,train
strasbourg_000001_037090_gtFine_polygons.json,13,train
strasbourg_000001_037645_gtFine_polygons.json,4,train
strasbourg_000001_037776_gtFine_polygons.json,7,train
strasbourg_000001_037906_gtFine_polygons.json,7,train
strasbourg_000001_038281_gtFine_polygons.json,26,train
strasbourg_000001_039114_gtFine_polygons.json,28,train
strasbourg_000001_039231_gtFine_polygons.json,24,train
strasbourg_000001_039374_gtFine_polygons.json,40,train
strasbourg_000001_039446_gtFine_polygons.json,23,train
strasbourg_000001_039558_gtFine_polygons.json,12,train
strasbourg_000001_039703_gtFine_polygons.json,16,train
strasbourg_000001_040564_gtFine_polygons.json,13,train
strasbourg_000001_040620_gtFine_polygons.json,11,train
strasbourg_000001_040761_gtFine_polygons.json,9,train
strasbourg_000001_040981_gtFine_polygons.json,11,train
strasbourg_000001_041215_gtFine_polygons.json,26,train
strasbourg_000001_042235_gtFine_polygons.json,22,train
strasbourg_000001_042309_gtFine_polygons.json,25,train
strasbourg_000001_042434_gtFine_polygons.json,29,train
strasbourg_000001_042558_gtFine_polygons.json,23,train
strasbourg_000001_042869_gtFine_polygons.json,21,train
strasbourg_000001_043080_gtFine_polygons.json,19,train
strasbourg_000001_043748_gtFine_polygons.json,1,train
strasbourg_000001_043886_gtFine_polygons.json,7,train
strasbourg_000001_044219_gtFine_polygons.json,22,train
strasbourg_000001_045135_gtFine_polygons.json,18,train
strasbourg_000001_045481_gtFine_polygons.json,20,train
strasbourg_000001_045880_gtFine_polygons.json,11,train
strasbourg_000001_046324_gtFine_polygons.json,17,train
strasbourg_000001_047336_gtFine_polygons.json,13,train
strasbourg_000001_047619_gtFine_polygons.json,15,train
strasbourg_000001_047702_gtFine_polygons.json,38,train
strasbourg_000001_047755_gtFine_polygons.json,30,train
strasbourg_000001_047955_gtFine_polygons.json,28,train
strasbourg_000001_048121_gtFine_polygons.json,21,train
strasbourg_000001_048605_gtFine_polygons.json,18,train
strasbourg_000001_049143_gtFine_polygons.json,14,train
strasbourg_000001_049399_gtFine_polygons.json,13,train
strasbourg_000001_049776_gtFine_polygons.json,25,train
strasbourg_000001_049977_gtFine_polygons.json,19,train
strasbourg_000001_050098_gtFine_polygons.json,40,train
strasbourg_000001_051134_gtFine_polygons.json,53,train
strasbourg_000001_051317_gtFine_polygons.json,56,train
strasbourg_000001_051448_gtFine_polygons.json,53,train
strasbourg_000001_051574_gtFine_polygons.json,67,train
strasbourg_000001_051661_gtFine_polygons.json,49,train
strasbourg_000001_051877_gtFine_polygons.json,44,train
strasbourg_000001_051934_gtFine_polygons.json,30,train
strasbourg_000001_052050_gtFine_polygons.json,46,train
strasbourg_000001_052198_gtFine_polygons.json,47,train
strasbourg_000001_052297_gtFine_polygons.json,42,train
strasbourg_000001_052430_gtFine_polygons.json,10,train
strasbourg_000001_052497_gtFine_polygons.json,16,train
strasbourg_000001_052544_gtFine_polygons.json,9,train
strasbourg_000001_052840_gtFine_polygons.json,21,train
strasbourg_000001_052979_gtFine_polygons.json,22,train
strasbourg_000001_053222_gtFine_polygons.json,19,train
strasbourg_000001_053579_gtFine_polygons.json,33,train
strasbourg_000001_053976_gtFine_polygons.json,17,train
strasbourg_000001_054275_gtFine_polygons.json,13,train
strasbourg_000001_054639_gtFine_polygons.json,12,train
strasbourg_000001_055273_gtFine_polygons.json,23,train
strasbourg_000001_055698_gtFine_polygons.json,11,train
strasbourg_000001_055860_gtFine_polygons.json,16,train
strasbourg_000001_055934_gtFine_polygons.json,17,train
strasbourg_000001_056142_gtFine_polygons.json,13,train
strasbourg_000001_056330_gtFine_polygons.json,12,train
strasbourg_000001_056857_gtFine_polygons.json,16,train
strasbourg_000001_057129_gtFine_polygons.json,10,train
strasbourg_000001_057191_gtFine_polygons.json,20,train
strasbourg_000001_057517_gtFine_polygons.json,33,train
strasbourg_000001_057811_gtFine_polygons.json,34,train
strasbourg_000001_057930_gtFine_polygons.json,31,train
strasbourg_000001_058105_gtFine_polygons.json,22,train
strasbourg_000001_058373_gtFine_polygons.json,12,train
strasbourg_000001_058954_gtFine_polygons.json,14,train
strasbourg_000001_059433_gtFine_polygons.json,14,train
strasbourg_000001_059675_gtFine_polygons.json,2,train
strasbourg_000001_059914_gtFine_polygons.json,10,train
strasbourg_000001_060061_gtFine_polygons.json,7,train
strasbourg_000001_060173_gtFine_polygons.json,3,train
strasbourg_000001_060821_gtFine_polygons.json,5,train
strasbourg_000001_061285_gtFine_polygons.json,13,train
strasbourg_000001_061384_gtFine_polygons.json,12,train
strasbourg_000001_061472_gtFine_polygons.json,8,train
strasbourg_000001_061685_gtFine_polygons.json,15,train
strasbourg_000001_062362_gtFine_polygons.json,12,train
strasbourg_000001_062542_gtFine_polygons.json,8,train
strasbourg_000001_062691_gtFine_polygons.json,10,train
strasbourg_000001_063385_gtFine_polygons.json,13,train
strasbourg_000001_063808_gtFine_polygons.json,17,train
strasbourg_000001_064224_gtFine_polygons.json,18,train
strasbourg_000001_064393_gtFine_polygons.json,10,train
strasbourg_000001_065214_gtFine_polygons.json,5,train
strasbourg_000001_065572_gtFine_polygons.json,6,train
stuttgart_000000_000019_gtFine_polygons.json,7,train
stuttgart_000001_000019_gtFine_polygons.json,10,train
stuttgart_000002_000019_gtFine_polygons.json,9,train
stuttgart_000003_000019_gtFine_polygons.json,15,train
stuttgart_000004_000019_gtFine_polygons.json,11,train
stuttgart_000005_000019_gtFine_polygons.json,13,train
stuttgart_000006_000019_gtFine_polygons.json,12,train
stuttgart_000007_000019_gtFine_polygons.json,7,train
stuttgart_000008_000019_gtFine_polygons.json,9,train
stuttgart_000009_000019_gtFine_polygons.json,5,train
stuttgart_000010_000019_gtFine_polygons.json,9,train
stuttgart_000011_000019_gtFine_polygons.json,10,train
stuttgart_000012_000019_gtFine_polygons.json,12,train
stuttgart_000013_000019_gtFine_polygons.json,11,train
stuttgart_000014_000019_gtFine_polygons.json,9,train
stuttgart_000015_000019_gtFine_polygons.json,14,train
stuttgart_000016_000019_gtFine_polygons.json,12,train
stuttgart_000017_000019_gtFine_polygons.json,19,train
stuttgart_000018_000019_gtFine_polygons.json,10,train
stuttgart_000019_000019_gtFine_polygons.json,5,train
stuttgart_000020_000019_gtFine_polygons.json,13,train
stuttgart_000021_000019_gtFine_polygons.json,11,train
stuttgart_000022_000019_gtFine_polygons.json,7,train
stuttgart_000023_000019_gtFine_polygons.json,4,train
stuttgart_000024_000019_gtFine_polygons.json,13,train
stuttgart_000025_000019_gtFine_polygons.json,13,train
stuttgart_000026_000019_gtFine_polygons.json,10,train
stuttgart_000027_000019_gtFine_polygons.json,12,train
stuttgart_000028_000019_gtFine_polygons.json,17,train
stuttgart_000029_000019_gtFine_polygons.json,14,train
stuttgart_000030_000019_gtFine_polygons.json,12,train
stuttgart_000031_000019_gtFine_polygons.json,11,train
stuttgart_000032_000019_gtFine_polygons.json,9,train
stuttgart_000033_000019_gtFine_polygons.json,10,train
stuttgart_000034_000019_gtFine_polygons.json,11,train
stuttgart_000035_000019_gtFine_polygons.json,12,train
stuttgart_000036_000019_gtFine_polygons.json,7,train
stuttgart_000037_000019_gtFine_polygons.json,15,train
stuttgart_000038_000019_gtFine_polygons.json,14,train
stuttgart_000039_000019_gtFine_polygons.json,22,train
stuttgart_000040_000019_gtFine_polygons.json,11,train
stuttgart_000041_000019_gtFine_polygons.json,19,train
stuttgart_000042_000019_gtFine_polygons.json,13,train
stuttgart_000043_000019_gtFine_polygons.json,11,train
stuttgart_000044_000019_gtFine_polygons.json,25,train
stuttgart_000045_000019_gtFine_polygons.json,10,train
stuttgart_000046_000019_gtFine_polygons.json,10,train
stuttgart_000047_000019_gtFine_polygons.json,8,train
stuttgart_000048_000019_gtFine_polygons.json,17,train
stuttgart_000049_000019_gtFine_polygons.json,9,train
stuttgart_000050_000019_gtFine_polygons.json,24,train
stuttgart_000051_000019_gtFine_polygons.json,17,train
stuttgart_000052_000019_gtFine_polygons.json,13,train
stuttgart_000053_000019_gtFine_polygons.json,21,train
stuttgart_000054_000019_gtFine_polygons.json,32,train
stuttgart_000055_000019_gtFine_polygons.json,10,train
stuttgart_000056_000019_gtFine_polygons.json,16,train
stuttgart_000057_000019_gtFine_polygons.json,32,train
stuttgart_000058_000019_gtFine_polygons.json,36,train
stuttgart_000059_000019_gtFine_polygons.json,29,train
stuttgart_000060_000019_gtFine_polygons.json,10,train
stuttgart_000061_000019_gtFine_polygons.json,27,train
stuttgart_000062_000019_gtFine_polygons.json,19,train
stuttgart_000063_000019_gtFine_polygons.json,25,train
stuttgart_000064_000019_gtFine_polygons.json,17,train
stuttgart_000065_000019_gtFine_polygons.json,16,train
stuttgart_000066_000019_gtFine_polygons.json,15,train
stuttgart_000067_000019_gtFine_polygons.json,11,train
stuttgart_000068_000019_gtFine_polygons.json,8,train
stuttgart_000069_000019_gtFine_polygons.json,12,train
stuttgart_000070_000019_gtFine_polygons.json,27,train
stuttgart_000071_000019_gtFine_polygons.json,12,train
stuttgart_000072_000019_gtFine_polygons.json,22,train
stuttgart_000073_000019_gtFine_polygons.json,21,train
stuttgart_000074_000019_gtFine_polygons.json,15,train
stuttgart_000075_000019_gtFine_polygons.json,19,train
stuttgart_000076_000019_gtFine_polygons.json,13,train
stuttgart_000077_000019_gtFine_polygons.json,15,train
stuttgart_000078_000019_gtFine_polygons.json,6,train
stuttgart_000079_000019_gtFine_polygons.json,19,train
stuttgart_000080_000019_gtFine_polygons.json,5,train
stuttgart_000081_000019_gtFine_polygons.json,21,train
stuttgart_000082_000019_gtFine_polygons.json,4,train
stuttgart_000083_000019_gtFine_polygons.json,13,train
stuttgart_000084_000019_gtFine_polygons.json,18,train
stuttgart_000085_000019_gtFine_polygons.json,18,train
stuttgart_000086_000019_gtFine_polygons.json,6,train
stuttgart_000087_000019_gtFine_polygons.json,22,train
stuttgart_000088_000019_gtFine_polygons.json,20,train
stuttgart_000089_000019_gtFine_polygons.json,17,train
stuttgart_000090_000019_gtFine_polygons.json,12,train
stuttgart_000091_000019_gtFine_polygons.json,14,train
stuttgart_000092_000019_gtFine_polygons.json,12,train
stuttgart_000093_000019_gtFine_polygons.json,19,train
stuttgart_000094_000019_gtFine_polygons.json,14,train
stuttgart_000095_000019_gtFine_polygons.json,16,train
stuttgart_000096_000019_gtFine_polygons.json,22,train
stuttgart_000097_000019_gtFine_polygons.json,12,train
stuttgart_000098_000019_gtFine_polygons.json,12,train
stuttgart_000099_000019_gtFine_polygons.json,18,train
stuttgart_000100_000019_gtFine_polygons.json,20,train
stuttgart_000101_000019_gtFine_polygons.json,5,train
stuttgart_000102_000019_gtFine_polygons.json,10,train
stuttgart_000103_000019_gtFine_polygons.json,13,train
stuttgart_000104_000019_gtFine_polygons.json,15,train
stuttgart_000105_000019_gtFine_polygons.json,8,train
stuttgart_000106_000019_gtFine_polygons.json,20,train
stuttgart_000107_000019_gtFine_polygons.json,19,train
stuttgart_000108_000019_gtFine_polygons.json,16,train
stuttgart_000109_000019_gtFine_polygons.json,21,train
stuttgart_000110_000019_gtFine_polygons.json,4,train
stuttgart_000111_000019_gtFine_polygons.json,10,train
stuttgart_000112_000019_gtFine_polygons.json,14,train
stuttgart_000113_000019_gtFine_polygons.json,11,train
stuttgart_000114_000019_gtFine_polygons.json,14,train
stuttgart_000115_000019_gtFine_polygons.json,4,train
stuttgart_000116_000019_gtFine_polygons.json,6,train
stuttgart_000117_000019_gtFine_polygons.json,3,train
stuttgart_000118_000019_gtFine_polygons.json,13,train
stuttgart_000119_000019_gtFine_polygons.json,6,train
stuttgart_000120_000019_gtFine_polygons.json,14,train
stuttgart_000121_000019_gtFine_polygons.json,10,train
stuttgart_000122_000019_gtFine_polygons.json,12,train
stuttgart_000123_000019_gtFine_polygons.json,17,train
stuttgart_000124_000019_gtFine_polygons.json,23,train
stuttgart_000125_000019_gtFine_polygons.json,18,train
stuttgart_000126_000019_gtFine_polygons.json,22,train
stuttgart_000127_000019_gtFine_polygons.json,12,train
stuttgart_000128_000019_gtFine_polygons.json,15,train
stuttgart_000129_000019_gtFine_polygons.json,11,train
stuttgart_000130_000019_gtFine_polygons.json,14,train
stuttgart_000131_000019_gtFine_polygons.json,4,train
stuttgart_000132_000019_gtFine_polygons.json,7,train
stuttgart_000133_000019_gtFine_polygons.json,31,train
stuttgart_000134_000019_gtFine_polygons.json,24,train
stuttgart_000135_000019_gtFine_polygons.json,21,train
stuttgart_000136_000019_gtFine_polygons.json,23,train
stuttgart_000137_000019_gtFine_polygons.json,16,train
stuttgart_000138_000019_gtFine_polygons.json,12,train
stuttgart_000139_000019_gtFine_polygons.json,12,train
stuttgart_000140_000019_gtFine_polygons.json,13,train
stuttgart_000141_000019_gtFine_polygons.json,16,train
stuttgart_000142_000019_gtFine_polygons.json,12,train
stuttgart_000143_000019_gtFine_polygons.json,12,train
stuttgart_000144_000019_gtFine_polygons.json,15,train
stuttgart_000145_000019_gtFine_polygons.json,14,train
stuttgart_000146_000019_gtFine_polygons.json,15,train
stuttgart_000147_000019_gtFine_polygons.json,20,train
stuttgart_000148_000019_gtFine_polygons.json,17,train
stuttgart_000149_000019_gtFine_polygons.json,8,train
stuttgart_000150_000019_gtFine_polygons.json,26,train
stuttgart_000151_000019_gtFine_polygons.json,22,train
stuttgart_000152_000019_gtFine_polygons.json,13,train
stuttgart_000153_000019_gtFine_polygons.json,21,train
stuttgart_000154_000019_gtFine_polygons.json,3,train
stuttgart_000155_000019_gtFine_polygons.json,21,train
stuttgart_000156_000019_gtFine_polygons.json,21,train
stuttgart_000157_000019_gtFine_polygons.json,32,train
stuttgart_000158_000019_gtFine_polygons.json,9,train
stuttgart_000159_000019_gtFine_polygons.json,18,train
stuttgart_000160_000019_gtFine_polygons.json,23,train
stuttgart_000161_000019_gtFine_polygons.json,40,train
stuttgart_000162_000019_gtFine_polygons.json,19,train
stuttgart_000163_000019_gtFine_polygons.json,11,train
stuttgart_000164_000019_gtFine_polygons.json,1,train
stuttgart_000165_000019_gtFine_polygons.json,5,train
stuttgart_000166_000019_gtFine_polygons.json,16,train
stuttgart_000167_000019_gtFine_polygons.json,17,train
stuttgart_000168_000019_gtFine_polygons.json,14,train
stuttgart_000169_000019_gtFine_polygons.json,21,train
stuttgart_000170_000019_gtFine_polygons.json,17,train
stuttgart_000171_000019_gtFine_polygons.json,17,train
stuttgart_000172_000019_gtFine_polygons.json,19,train
stuttgart_000173_000019_gtFine_polygons.json,24,train
stuttgart_000174_000019_gtFine_polygons.json,10,train
stuttgart_000175_000019_gtFine_polygons.json,21,train
stuttgart_000176_000019_gtFine_polygons.json,28,train
stuttgart_000177_000019_gtFine_polygons.json,19,train
stuttgart_000178_000019_gtFine_polygons.json,16,train
stuttgart_000179_000019_gtFine_polygons.json,71,train
stuttgart_000180_000019_gtFine_polygons.json,53,train
stuttgart_000181_000019_gtFine_polygons.json,50,train
stuttgart_000182_000019_gtFine_polygons.json,50,train
stuttgart_000183_000019_gtFine_polygons.json,19,train
stuttgart_000184_000019_gtFine_polygons.json,25,train
stuttgart_000185_000019_gtFine_polygons.json,21,train
stuttgart_000186_000019_gtFine_polygons.json,13,train
stuttgart_000187_000019_gtFine_polygons.json,34,train
stuttgart_000188_000019_gtFine_polygons.json,28,train
stuttgart_000189_000019_gtFine_polygons.json,53,train
stuttgart_000190_000019_gtFine_polygons.json,29,train
stuttgart_000191_000019_gtFine_polygons.json,25,train
stuttgart_000192_000019_gtFine_polygons.json,24,train
stuttgart_000193_000019_gtFine_polygons.json,15,train
stuttgart_000194_000019_gtFine_polygons.json,4,train
stuttgart_000195_000019_gtFine_polygons.json,4,train
tubingen_000000_000019_gtFine_polygons.json,8,train
tubingen_000001_000019_gtFine_polygons.json,11,train
tubingen_000002_000019_gtFine_polygons.json,14,train
tubingen_000003_000019_gtFine_polygons.json,14,train
tubingen_000004_000019_gtFine_polygons.json,8,train
tubingen_000005_000019_gtFine_polygons.json,11,train
tubingen_000006_000019_gtFine_polygons.json,2,train
tubingen_000007_000019_gtFine_polygons.json,16,train
tubingen_000008_000019_gtFine_polygons.json,11,train
tubingen_000009_000019_gtFine_polygons.json,19,train
tubingen_000010_000019_gtFine_polygons.json,9,train
tubingen_000011_000019_gtFine_polygons.json,7,train
tubingen_000012_000019_gtFine_polygons.json,15,train
tubingen_000013_000019_gtFine_polygons.json,10,train
tubingen_000014_000019_gtFine_polygons.json,15,train
tubingen_000015_000019_gtFine_polygons.json,17,train
tubingen_000016_000019_gtFine_polygons.json,24,train
tubingen_000017_000019_gtFine_polygons.json,7,train
tubingen_000018_000019_gtFine_polygons.json,5,train
tubingen_000019_000019_gtFine_polygons.json,13,train
tubingen_000020_000019_gtFine_polygons.json,3,train
tubingen_000021_000019_gtFine_polygons.json,13,train
tubingen_000022_000019_gtFine_polygons.json,7,train
tubingen_000023_000019_gtFine_polygons.json,14,train
tubingen_000024_000019_gtFine_polygons.json,6,train
tubingen_000025_000019_gtFine_polygons.json,5,train
tubingen_000026_000019_gtFine_polygons.json,20,train
tubingen_000027_000019_gtFine_polygons.json,5,train
tubingen_000028_000019_gtFine_polygons.json,1,train
tubingen_000029_000019_gtFine_polygons.json,5,train
tubingen_000030_000019_gtFine_polygons.json,11,train
tubingen_000031_000019_gtFine_polygons.json,10,train
tubingen_000032_000019_gtFine_polygons.json,15,train
tubingen_000033_000019_gtFine_polygons.json,8,train
tubingen_000034_000019_gtFine_polygons.json,11,train
tubingen_000035_000019_gtFine_polygons.json,6,train
tubingen_000036_000019_gtFine_polygons.json,10,train
tubingen_000037_000019_gtFine_polygons.json,21,train
tubingen_000038_000019_gtFine_polygons.json,14,train
tubingen_000039_000019_gtFine_polygons.json,14,train
tubingen_000040_000019_gtFine_polygons.json,8,train
tubingen_000041_000019_gtFine_polygons.json,19,train
tubingen_000042_000019_gtFine_polygons.json,10,train
tubingen_000043_000019_gtFine_polygons.json,4,train
tubingen_000044_000019_gtFine_polygons.json,5,train
tubingen_000045_000019_gtFine_polygons.json,2,train
tubingen_000046_000019_gtFine_polygons.json,21,train
tubingen_000047_000019_gtFine_polygons.json,12,train
tubingen_000048_000019_gtFine_polygons.json,19,train
tubingen_000049_000019_gtFine_polygons.json,17,train
tubingen_000050_000019_gtFine_polygons.json,8,train
tubingen_000051_000019_gtFine_polygons.json,16,train
tubingen_000052_000019_gtFine_polygons.json,19,train
tubingen_000053_000019_gtFine_polygons.json,6,train
tubingen_000054_000019_gtFine_polygons.json,35,train
tubingen_000055_000019_gtFine_polygons.json,19,train
tubingen_000056_000019_gtFine_polygons.json,23,train
tubingen_000057_000019_gtFine_polygons.json,14,train
tubingen_000058_000019_gtFine_polygons.json,6,train
tubingen_000059_000019_gtFine_polygons.json,11,train
tubingen_000060_000019_gtFine_polygons.json,12,train
tubingen_000061_000019_gtFine_polygons.json,9,train
tubingen_000062_000019_gtFine_polygons.json,6,train
tubingen_000063_000019_gtFine_polygons.json,7,train
tubingen_000064_000019_gtFine_polygons.json,21,train
tubingen_000065_000019_gtFine_polygons.json,12,train
tubingen_000066_000019_gtFine_polygons.json,3,train
tubingen_000067_000019_gtFine_polygons.json,1,train
tubingen_000068_000019_gtFine_polygons.json,8,train
tubingen_000069_000019_gtFine_polygons.json,19,train
tubingen_000070_000019_gtFine_polygons.json,17,train
tubingen_000071_000019_gtFine_polygons.json,23,train
tubingen_000072_000019_gtFine_polygons.json,20,train
tubingen_000073_000019_gtFine_polygons.json,12,train
tubingen_000074_000019_gtFine_polygons.json,15,train
tubingen_000075_000019_gtFine_polygons.json,11,train
tubingen_000076_000019_gtFine_polygons.json,19,train
tubingen_000077_000019_gtFine_polygons.json,8,train
tubingen_000078_000019_gtFine_polygons.json,15,train
tubingen_000079_000019_gtFine_polygons.json,25,train
tubingen_000080_000019_gtFine_polygons.json,22,train
tubingen_000081_000019_gtFine_polygons.json,13,train
tubingen_000082_000019_gtFine_polygons.json,25,train
tubingen_000083_000019_gtFine_polygons.json,7,train
tubingen_000084_000019_gtFine_polygons.json,20,train
tubingen_000085_000019_gtFine_polygons.json,16,train
tubingen_000086_000019_gtFine_polygons.json,4,train
tubingen_000087_000019_gtFine_polygons.json,14,train
tubingen_000088_000019_gtFine_polygons.json,16,train
tubingen_000089_000019_gtFine_polygons.json,12,train
tubingen_000090_000019_gtFine_polygons.json,13,train
tubingen_000091_000019_gtFine_polygons.json,6,train
tubingen_000092_000019_gtFine_polygons.json,3,train
tubingen_000093_000019_gtFine_polygons.json,7,train
tubingen_000094_000019_gtFine_polygons.json,5,train
tubingen_000095_000019_gtFine_polygons.json,2,train
tubingen_000096_000019_gtFine_polygons.json,12,train
tubingen_000097_000019_gtFine_polygons.json,5,train
tubingen_000098_000019_gtFine_polygons.json,5,train
tubingen_000099_000019_gtFine_polygons.json,3,train
tubingen_000100_000019_gtFine_polygons.json,12,train
tubingen_000101_000019_gtFine_polygons.json,3,train
tubingen_000102_000019_gtFine_polygons.json,14,train
tubingen_000103_000019_gtFine_polygons.json,3,train
tubingen_000104_000019_gtFine_polygons.json,2,train
tubingen_000105_000019_gtFine_polygons.json,5,train
tubingen_000106_000019_gtFine_polygons.json,21,train
tubingen_000107_000019_gtFine_polygons.json,9,train
tubingen_000108_000019_gtFine_polygons.json,24,train
tubingen_000109_000019_gtFine_polygons.json,14,train
tubingen_000110_000019_gtFine_polygons.json,14,train
tubingen_000111_000019_gtFine_polygons.json,11,train
tubingen_000112_000019_gtFine_polygons.json,2,train
tubingen_000113_000019_gtFine_polygons.json,8,train
tubingen_000114_000019_gtFine_polygons.json,6,train
tubingen_000115_000019_gtFine_polygons.json,5,train
tubingen_000116_000019_gtFine_polygons.json,6,train
tubingen_000117_000019_gtFine_polygons.json,3,train
tubingen_000118_000019_gtFine_polygons.json,9,train
tubingen_000119_000019_gtFine_polygons.json,12,train
tubingen_000120_000019_gtFine_polygons.json,15,train
tubingen_000121_000019_gtFine_polygons.json,7,train
tubingen_000122_000019_gtFine_polygons.json,24,train
tubingen_000123_000019_gtFine_polygons.json,6,train
tubingen_000124_000019_gtFine_polygons.json,38,train
tubingen_000125_000019_gtFine_polygons.json,20,train
tubingen_000126_000019_gtFine_polygons.json,11,train
tubingen_000127_000019_gtFine_polygons.json,13,train
tubingen_000128_000019_gtFine_polygons.json,11,train
tubingen_000129_000019_gtFine_polygons.json,5,train
tubingen_000130_000019_gtFine_polygons.json,2,train
tubingen_000131_000019_gtFine_polygons.json,26,train
tubingen_000132_000019_gtFine_polygons.json,6,train
tubingen_000133_000019_gtFine_polygons.json,5,train
tubingen_000134_000019_gtFine_polygons.json,4,train
tubingen_000135_000019_gtFine_polygons.json,5,train
tubingen_000136_000019_gtFine_polygons.json,1,train
tubingen_000137_000019_gtFine_polygons.json,21,train
tubingen_000138_000019_gtFine_polygons.json,5,train
tubingen_000139_000019_gtFine_polygons.json,5,train
tubingen_000140_000019_gtFine_polygons.json,7,train
tubingen_000141_000019_gtFine_polygons.json,13,train
tubingen_000142_000019_gtFine_polygons.json,1,train
tubingen_000143_000019_gtFine_polygons.json,21,train
ulm_000000_000019_gtFine_polygons.json,4,train
ulm_000001_000019_gtFine_polygons.json,16,train
ulm_000002_000019_gtFine_polygons.json,29,train
ulm_000003_000019_gtFine_polygons.json,15,train
ulm_000004_000019_gtFine_polygons.json,17,train
ulm_000005_000019_gtFine_polygons.json,22,train
ulm_000006_000019_gtFine_polygons.json,28,train
ulm_000007_000019_gtFine_polygons.json,8,train
ulm_000008_000019_gtFine_polygons.json,14,train
ulm_000009_000019_gtFine_polygons.json,6,train
ulm_000010_000019_gtFine_polygons.json,8,train
ulm_000011_000019_gtFine_polygons.json,13,train
ulm_000012_000019_gtFine_polygons.json,14,train
ulm_000013_000019_gtFine_polygons.json,13,train
ulm_000014_000019_gtFine_polygons.json,13,train
ulm_000015_000019_gtFine_polygons.json,10,train
ulm_000016_000019_gtFine_polygons.json,9,train
ulm_000017_000019_gtFine_polygons.json,16,train
ulm_000018_000019_gtFine_polygons.json,28,train
ulm_000019_000019_gtFine_polygons.json,24,train
ulm_000020_000019_gtFine_polygons.json,29,train
ulm_000021_000019_gtFine_polygons.json,4,train
ulm_000022_000019_gtFine_polygons.json,2,train
ulm_000023_000019_gtFine_polygons.json,11,train
ulm_000024_000019_gtFine_polygons.json,12,train
ulm_000025_000019_gtFine_polygons.json,16,train
ulm_000026_000019_gtFine_polygons.json,9,train
ulm_000027_000019_gtFine_polygons.json,9,train
ulm_000028_000019_gtFine_polygons.json,5,train
ulm_000029_000019_gtFine_polygons.json,5,train
ulm_000030_000019_gtFine_polygons.json,11,train
ulm_000031_000019_gtFine_polygons.json,6,train
ulm_000032_000019_gtFine_polygons.json,8,train
ulm_000033_000019_gtFine_polygons.json,9,train
ulm_000034_000019_gtFine_polygons.json,1,train
ulm_000035_000019_gtFine_polygons.json,1,train
ulm_000036_000019_gtFine_polygons.json,1,train
ulm_000037_000019_gtFine_polygons.json,17,train
ulm_000038_000019_gtFine_polygons.json,4,train
ulm_000039_000019_gtFine_polygons.json,15,train
ulm_000040_000019_gtFine_polygons.json,3,train
ulm_000041_000019_gtFine_polygons.json,5,train
ulm_000042_000019_gtFine_polygons.json,2,train
ulm_000043_000019_gtFine_polygons.json,3,train
ulm_000044_000019_gtFine_polygons.json,13,train
ulm_000045_000019_gtFine_polygons.json,3,train
ulm_000046_000019_gtFine_polygons.json,8,train
ulm_000047_000019_gtFine_polygons.json,13,train
ulm_000048_000019_gtFine_polygons.json,17,train
ulm_000049_000019_gtFine_polygons.json,15,train
ulm_000050_000019_gtFine_polygons.json,8,train
ulm_000051_000019_gtFine_polygons.json,6,train
ulm_000052_000019_gtFine_polygons.json,8,train
ulm_000053_000019_gtFine_polygons.json,11,train
ulm_000054_000019_gtFine_polygons.json,9,train
ulm_000055_000019_gtFine_polygons.json,18,train
ulm_000056_000019_gtFine_polygons.json,11,train
ulm_000057_000019_gtFine_polygons.json,23,train
ulm_000058_000019_gtFine_polygons.json,21,train
ulm_000059_000019_gtFine_polygons.json,14,train
ulm_000060_000019_gtFine_polygons.json,13,train
ulm_000061_000019_gtFine_polygons.json,18,train
ulm_000062_000019_gtFine_polygons.json,10,train
ulm_000063_000019_gtFine_polygons.json,7,train
ulm_000064_000019_gtFine_polygons.json,10,train
ulm_000065_000019_gtFine_polygons.json,11,train
ulm_000066_000019_gtFine_polygons.json,11,train
ulm_000067_000019_gtFine_polygons.json,21,train
ulm_000068_000019_gtFine_polygons.json,15,train
ulm_000069_000019_gtFine_polygons.json,20,train
ulm_000070_000019_gtFine_polygons.json,16,train
ulm_000071_000019_gtFine_polygons.json,12,train
ulm_000072_000019_gtFine_polygons.json,11,train
ulm_000073_000019_gtFine_polygons.json,31,train
ulm_000074_000019_gtFine_polygons.json,15,train
ulm_000075_000019_gtFine_polygons.json,22,train
ulm_000076_000019_gtFine_polygons.json,18,train
ulm_000077_000019_gtFine_polygons.json,6,train
ulm_000078_000019_gtFine_polygons.json,14,train
ulm_000079_000019_gtFine_polygons.json,8,train
ulm_000080_000019_gtFine_polygons.json,3,train
ulm_000081_000019_gtFine_polygons.json,5,train
ulm_000082_000019_gtFine_polygons.json,5,train
ulm_000083_000019_gtFine_polygons.json,5,train
ulm_000084_000019_gtFine_polygons.json,12,train
ulm_000085_000019_gtFine_polygons.json,7,train
ulm_000086_000019_gtFine_polygons.json,8,train
ulm_000087_000019_gtFine_polygons.json,19,train
ulm_000088_000019_gtFine_polygons.json,16,train
ulm_000089_000019_gtFine_polygons.json,19,train
ulm_000090_000019_gtFine_polygons.json,7,train
ulm_000091_000019_gtFine_polygons.json,8,train
ulm_000092_000019_gtFine_polygons.json,21,train
ulm_000093_000019_gtFine_polygons.json,17,train
ulm_000094_000019_gtFine_polygons.json,4,train
weimar_000000_000019_gtFine_polygons.json,5,train
weimar_000001_000019_gtFine_polygons.json,15,train
weimar_000002_000019_gtFine_polygons.json,16,train
weimar_000003_000019_gtFine_polygons.json,14,train
weimar_000004_000019_gtFine_polygons.json,6,train
weimar_000005_000019_gtFine_polygons.json,6,train
weimar_000006_000019_gtFine_polygons.json,10,train
weimar_000007_000019_gtFine_polygons.json,6,train
weimar_000008_000019_gtFine_polygons.json,22,train
weimar_000009_000019_gtFine_polygons.json,13,train
weimar_000010_000019_gtFine_polygons.json,14,train
weimar_000011_000019_gtFine_polygons.json,6,train
weimar_000012_000019_gtFine_polygons.json,10,train
weimar_000013_000019_gtFine_polygons.json,17,train
weimar_000014_000019_gtFine_polygons.json,29,train
weimar_000015_000019_gtFine_polygons.json,7,train
weimar_000016_000019_gtFine_polygons.json,16,train
weimar_000017_000019_gtFine_polygons.json,16,train
weimar_000018_000019_gtFine_polygons.json,7,train
weimar_000019_000019_gtFine_polygons.json,6,train
weimar_000020_000019_gtFine_polygons.json,12,train
weimar_000021_000019_gtFine_polygons.json,2,train
weimar_000022_000019_gtFine_polygons.json,4,train
weimar_000023_000019_gtFine_polygons.json,24,train
weimar_000024_000019_gtFine_polygons.json,26,train
weimar_000025_000019_gtFine_polygons.json,24,train
weimar_000026_000019_gtFine_polygons.json,8,train
weimar_000027_000019_gtFine_polygons.json,30,train
weimar_000028_000019_gtFine_polygons.json,19,train
weimar_000029_000019_gtFine_polygons.json,12,train
weimar_000030_000019_gtFine_polygons.json,11,train
weimar_000031_000019_gtFine_polygons.json,5,train
weimar_000032_000019_gtFine_polygons.json,10,train
weimar_000033_000019_gtFine_polygons.json,21,train
weimar_000034_000019_gtFine_polygons.json,17,train
weimar_000035_000019_gtFine_polygons.json,13,train
weimar_000036_000019_gtFine_polygons.json,21,train
weimar_000037_000019_gtFine_polygons.json,13,train
weimar_000038_000019_gtFine_polygons.json,15,train
weimar_000039_000019_gtFine_polygons.json,28,train
weimar_000040_000019_gtFine_polygons.json,20,train
weimar_000041_000019_gtFine_polygons.json,10,train
weimar_000042_000019_gtFine_polygons.json,26,train
weimar_000043_000019_gtFine_polygons.json,10,train
weimar_000044_000019_gtFine_polygons.json,1,train
weimar_000045_000019_gtFine_polygons.json,12,train
weimar_000046_000019_gtFine_polygons.json,7,train
weimar_000047_000019_gtFine_polygons.json,9,train
weimar_000048_000019_gtFine_polygons.json,10,train
weimar_000049_000019_gtFine_polygons.json,12,train
weimar_000050_000019_gtFine_polygons.json,9,train
weimar_000051_000019_gtFine_polygons.json,4,train
weimar_000052_000019_gtFine_polygons.json,9,train
weimar_000053_000019_gtFine_polygons.json,6,train
weimar_000054_000019_gtFine_polygons.json,9,train
weimar_000055_000019_gtFine_polygons.json,5,train
weimar_000056_000019_gtFine_polygons.json,2,train
weimar_000057_000019_gtFine_polygons.json,13,train
weimar_000058_000019_gtFine_polygons.json,16,train
weimar_000059_000019_gtFine_polygons.json,13,train
weimar_000060_000019_gtFine_polygons.json,24,train
weimar_000061_000019_gtFine_polygons.json,18,train
weimar_000062_000019_gtFine_polygons.json,17,train
weimar_000063_000019_gtFine_polygons.json,9,train
weimar_000064_000019_gtFine_polygons.json,9,train
weimar_000065_000019_gtFine_polygons.json,10,train
weimar_000066_000019_gtFine_polygons.json,23,train
weimar_000067_000019_gtFine_polygons.json,0,train
weimar_000068_000019_gtFine_polygons.json,4,train
weimar_000069_000019_gtFine_polygons.json,8,train
weimar_000070_000019_gtFine_polygons.json,14,train
weimar_000071_000019_gtFine_polygons.json,16,train
weimar_000072_000019_gtFine_polygons.json,13,train
weimar_000073_000019_gtFine_polygons.json,26,train
weimar_000074_000019_gtFine_polygons.json,18,train
weimar_000075_000019_gtFine_polygons.json,17,train
weimar_000076_000019_gtFine_polygons.json,4,train
weimar_000077_000019_gtFine_polygons.json,4,train
weimar_000078_000019_gtFine_polygons.json,5,train
weimar_000079_000019_gtFine_polygons.json,9,train
weimar_000080_000019_gtFine_polygons.json,14,train
weimar_000081_000019_gtFine_polygons.json,8,train
weimar_000082_000019_gtFine_polygons.json,9,train
weimar_000083_000019_gtFine_polygons.json,8,train
weimar_000084_000019_gtFine_polygons.json,9,train
weimar_000085_000019_gtFine_polygons.json,9,train
weimar_000086_000019_gtFine_polygons.json,11,train
weimar_000087_000019_gtFine_polygons.json,11,train
weimar_000088_000019_gtFine_polygons.json,10,train
weimar_000089_000019_gtFine_polygons.json,9,train
weimar_000090_000019_gtFine_polygons.json,22,train
weimar_000091_000019_gtFine_polygons.json,19,train
weimar_000092_000019_gtFine_polygons.json,16,train
weimar_000093_000019_gtFine_polygons.json,19,train
weimar_000094_000019_gtFine_polygons.json,10,train
weimar_000095_000019_gtFine_polygons.json,8,train
weimar_000096_000019_gtFine_polygons.json,19,train
weimar_000097_000019_gtFine_polygons.json,0,train
weimar_000098_000019_gtFine_polygons.json,16,train
weimar_000099_000019_gtFine_polygons.json,30,train
weimar_000100_000019_gtFine_polygons.json,11,train
weimar_000101_000019_gtFine_polygons.json,22,train
weimar_000102_000019_gtFine_polygons.json,23,train
weimar_000103_000019_gtFine_polygons.json,4,train
weimar_000104_000019_gtFine_polygons.json,20,train
weimar_000105_000019_gtFine_polygons.json,11,train
weimar_000106_000019_gtFine_polygons.json,7,train
weimar_000107_000019_gtFine_polygons.json,40,train
weimar_000108_000019_gtFine_polygons.json,18,train
weimar_000109_000019_gtFine_polygons.json,5,train
weimar_000110_000019_gtFine_polygons.json,2,train
weimar_000111_000019_gtFine_polygons.json,14,train
weimar_000112_000019_gtFine_polygons.json,8,train
weimar_000113_000019_gtFine_polygons.json,17,train
weimar_000114_000019_gtFine_polygons.json,6,train
weimar_000115_000019_gtFine_polygons.json,8,train
weimar_000116_000019_gtFine_polygons.json,11,train
weimar_000117_000019_gtFine_polygons.json,7,train
weimar_000118_000019_gtFine_polygons.json,1,train
weimar_000119_000019_gtFine_polygons.json,5,train
weimar_000120_000019_gtFine_polygons.json,15,train
weimar_000121_000019_gtFine_polygons.json,19,train
weimar_000122_000019_gtFine_polygons.json,15,train
weimar_000123_000019_gtFine_polygons.json,6,train
weimar_000124_000019_gtFine_polygons.json,5,train
weimar_000125_000019_gtFine_polygons.json,16,train
weimar_000126_000019_gtFine_polygons.json,6,train
weimar_000127_000019_gtFine_polygons.json,3,train
weimar_000128_000019_gtFine_polygons.json,14,train
weimar_000129_000019_gtFine_polygons.json,4,train
weimar_000130_000019_gtFine_polygons.json,11,train
weimar_000131_000019_gtFine_polygons.json,11,train
weimar_000132_000019_gtFine_polygons.json,18,train
weimar_000133_000019_gtFine_polygons.json,12,train
weimar_000134_000019_gtFine_polygons.json,2,train
weimar_000135_000019_gtFine_polygons.json,6,train
weimar_000136_000019_gtFine_polygons.json,7,train
weimar_000137_000019_gtFine_polygons.json,22,train
weimar_000138_000019_gtFine_polygons.json,25,train
weimar_000139_000019_gtFine_polygons.json,17,train
weimar_000140_000019_gtFine_polygons.json,7,train
weimar_000141_000019_gtFine_polygons.json,6,train
zurich_000000_000019_gtFine_polygons.json,6,train
zurich_000001_000019_gtFine_polygons.json,15,train
zurich_000002_000019_gtFine_polygons.json,7,train
zurich_000003_000019_gtFine_polygons.json,30,train
zurich_000004_000019_gtFine_polygons.json,10,train
zurich_000005_000019_gtFine_polygons.json,19,train
zurich_000006_000019_gtFine_polygons.json,18,train
zurich_000007_000019_gtFine_polygons.json,9,train
zurich_000008_000019_gtFine_polygons.json,5,train
zurich_000009_000019_gtFine_polygons.json,14,train
zurich_000010_000019_gtFine_polygons.json,15,train
zurich_000011_000019_gtFine_polygons.json,17,train
zurich_000012_000019_gtFine_polygons.json,9,train
zurich_000013_000019_gtFine_polygons.json,11,train
zurich_000014_000019_gtFine_polygons.json,14,train
zurich_000015_000019_gtFine_polygons.json,4,train
zurich_000016_000019_gtFine_polygons.json,20,train
zurich_000017_000019_gtFine_polygons.json,10,train
zurich_000018_000019_gtFine_polygons.json,14,train
zurich_000019_000019_gtFine_polygons.json,18,train
zurich_000020_000019_gtFine_polygons.json,9,train
zurich_000021_000019_gtFine_polygons.json,26,train
zurich_000022_000019_gtFine_polygons.json,11,train
zurich_000023_000019_gtFine_polygons.json,24,train
zurich_000024_000019_gtFine_polygons.json,20,train
zurich_000025_000019_gtFine_polygons.json,15,train
zurich_000026_000019_gtFine_polygons.json,21,train
zurich_000027_000019_gtFine_polygons.json,18,train
zurich_000028_000019_gtFine_polygons.json,16,train
zurich_000029_000019_gtFine_polygons.json,38,train
zurich_000030_000019_gtFine_polygons.json,15,train
zurich_000031_000019_gtFine_polygons.json,8,train
zurich_000032_000019_gtFine_polygons.json,17,train
zurich_000033_000019_gtFine_polygons.json,21,train
zurich_000034_000019_gtFine_polygons.json,18,train
zurich_000035_000019_gtFine_polygons.json,7,train
zurich_000036_000019_gtFine_polygons.json,13,train
zurich_000037_000019_gtFine_polygons.json,31,train
zurich_000038_000019_gtFine_polygons.json,32,train
zurich_000039_000019_gtFine_polygons.json,22,train
zurich_000040_000019_gtFine_polygons.json,30,train
zurich_000041_000019_gtFine_polygons.json,24,train
zurich_000042_000019_gtFine_polygons.json,44,train
zurich_000043_000019_gtFine_polygons.json,31,train
zurich_000044_000019_gtFine_polygons.json,13,train
zurich_000045_000019_gtFine_polygons.json,21,train
zurich_000046_000019_gtFine_polygons.json,4,train
zurich_000047_000019_gtFine_polygons.json,9,train
zurich_000048_000019_gtFine_polygons.json,10,train
zurich_000049_000019_gtFine_polygons.json,6,train
zurich_000050_000019_gtFine_polygons.json,3,train
zurich_000051_000019_gtFine_polygons.json,23,train
zurich_000052_000019_gtFine_polygons.json,22,train
zurich_000053_000019_gtFine_polygons.json,13,train
zurich_000054_000019_gtFine_polygons.json,17,train
zurich_000055_000019_gtFine_polygons.json,20,train
zurich_000056_000019_gtFine_polygons.json,17,train
zurich_000057_000019_gtFine_polygons.json,12,train
zurich_000058_000019_gtFine_polygons.json,29,train
zurich_000059_000019_gtFine_polygons.json,20,train
zurich_000060_000019_gtFine_polygons.json,34,train
zurich_000061_000019_gtFine_polygons.json,30,train
zurich_000062_000019_gtFine_polygons.json,27,train
zurich_000063_000019_gtFine_polygons.json,28,train
zurich_000064_000019_gtFine_polygons.json,14,train
zurich_000065_000019_gtFine_polygons.json,76,train
zurich_000066_000019_gtFine_polygons.json,23,train
zurich_000067_000019_gtFine_polygons.json,37,train
zurich_000068_000019_gtFine_polygons.json,63,train
zurich_000069_000019_gtFine_polygons.json,21,train
zurich_000070_000019_gtFine_polygons.json,36,train
zurich_000071_000019_gtFine_polygons.json,47,train
zurich_000072_000019_gtFine_polygons.json,42,train
zurich_000073_000019_gtFine_polygons.json,12,train
zurich_000074_000019_gtFine_polygons.json,25,train
zurich_000075_000019_gtFine_polygons.json,19,train
zurich_000076_000019_gtFine_polygons.json,12,train
zurich_000077_000019_gtFine_polygons.json,23,train
zurich_000078_000019_gtFine_polygons.json,18,train
zurich_000079_000019_gtFine_polygons.json,21,train
zurich_000080_000019_gtFine_polygons.json,31,train
zurich_000081_000019_gtFine_polygons.json,4,train
zurich_000082_000019_gtFine_polygons.json,2,train
zurich_000083_000019_gtFine_polygons.json,13,train
zurich_000084_000019_gtFine_polygons.json,26,train
zurich_000085_000019_gtFine_polygons.json,20,train
zurich_000086_000019_gtFine_polygons.json,36,train
zurich_000087_000019_gtFine_polygons.json,32,train
zurich_000088_000019_gtFine_polygons.json,16,train
zurich_000089_000019_gtFine_polygons.json,27,train
zurich_000090_000019_gtFine_polygons.json,31,train
zurich_000091_000019_gtFine_polygons.json,12,train
zurich_000092_000019_gtFine_polygons.json,30,train
zurich_000093_000019_gtFine_polygons.json,4,train
zurich_000094_000019_gtFine_polygons.json,5,train
zurich_000095_000019_gtFine_polygons.json,4,train
zurich_000096_000019_gtFine_polygons.json,8,train
zurich_000097_000019_gtFine_polygons.json,15,train
zurich_000098_000019_gtFine_polygons.json,12,train
zurich_000099_000019_gtFine_polygons.json,13,train
zurich_000100_000019_gtFine_polygons.json,21,train
zurich_000101_000019_gtFine_polygons.json,8,train
zurich_000102_000019_gtFine_polygons.json,12,train
zurich_000103_000019_gtFine_polygons.json,12,train
zurich_000104_000019_gtFine_polygons.json,15,train
zurich_000105_000019_gtFine_polygons.json,18,train
zurich_000106_000019_gtFine_polygons.json,16,train
zurich_000107_000019_gtFine_polygons.json,11,train
zurich_000108_000019_gtFine_polygons.json,2,train
zurich_000109_000019_gtFine_polygons.json,8,train
zurich_000110_000019_gtFine_polygons.json,15,train
zurich_000111_000019_gtFine_polygons.json,17,train
zurich_000112_000019_gtFine_polygons.json,8,train
zurich_000113_000019_gtFine_polygons.json,7,train
zurich_000114_000019_gtFine_polygons.json,13,train
zurich_000115_000019_gtFine_polygons.json,18,train
zurich_000116_000019_gtFine_polygons.json,18,train
zurich_000117_000019_gtFine_polygons.json,17,train
zurich_000118_000019_gtFine_polygons.json,18,train
zurich_000119_000019_gtFine_polygons.json,6,train
zurich_000120_000019_gtFine_polygons.json,10,train
zurich_000121_000019_gtFine_polygons.json,19,train
frankfurt_000000_000294_gtFine_polygons.json,7,val
frankfurt_000000_000576_gtFine_polygons.json,21,val
frankfurt_000000_001016_gtFine_polygons.json,9,val
frankfurt_000000_001236_gtFine_polygons.json,32,val
frankfurt_000000_001751_gtFine_polygons.json,25,val
frankfurt_000000_002196_gtFine_polygons.json,21,val
frankfurt_000000_002963_gtFine_polygons.json,17,val
frankfurt_000000_003025_gtFine_polygons.json,20,val
frankfurt_000000_003357_gtFine_polygons.json,17,val
frankfurt_000000_003920_gtFine_polygons.json,7,val
frankfurt_000000_004617_gtFine_polygons.json,10,val
frankfurt_000000_005543_gtFine_polygons.json,14,val
frankfurt_000000_005898_gtFine_polygons.json,14,val
frankfurt_000000_006589_gtFine_polygons.json,9,val
frankfurt_000000_007365_gtFine_polygons.json,7,val
frankfurt_000000_008206_gtFine_polygons.json,18,val
frankfurt_000000_008451_gtFine_polygons.json,16,val
frankfurt_000000_009291_gtFine_polygons.json,13,val
frankfurt_000000_009561_gtFine_polygons.json,18,val
frankfurt_000000_009688_gtFine_polygons.json,12,val
frankfurt_000000_009969_gtFine_polygons.json,16,val
frankfurt_000000_010351_gtFine_polygons.json,4,val
frankfurt_000000_010763_gtFine_polygons.json,5,val
frankfurt_000000_011007_gtFine_polygons.json,7,val
frankfurt_000000_011074_gtFine_polygons.json,7,val
frankfurt_000000_011461_gtFine_polygons.json,9,val
frankfurt_000000_011810_gtFine_polygons.json,17,val
frankfurt_000000_012009_gtFine_polygons.json,11,val
frankfurt_000000_012121_gtFine_polygons.json,13,val
frankfurt_000000_012868_gtFine_polygons.json,20,val
frankfurt_000000_013067_gtFine_polygons.json,13,val
frankfurt_000000_013240_gtFine_polygons.json,10,val
frankfurt_000000_013382_gtFine_polygons.json,16,val
frankfurt_000000_013942_gtFine_polygons.json,7,val
frankfurt_000000_014480_gtFine_polygons.json,7,val
frankfurt_000000_015389_gtFine_polygons.json,9,val
frankfurt_000000_015676_gtFine_polygons.json,12,val
frankfurt_000000_016005_gtFine_polygons.json,16,val
frankfurt_000000_016286_gtFine_polygons.json,17,val
frankfurt_000000_017228_gtFine_polygons.json,16,val
frankfurt_000000_017476_gtFine_polygons.json,20,val
frankfurt_000000_018797_gtFine_polygons.json,17,val
frankfurt_000000_019607_gtFine_polygons.json,21,val
frankfurt_000000_020215_gtFine_polygons.json,18,val
frankfurt_000000_020321_gtFine_polygons.json,27,val
frankfurt_000000_020880_gtFine_polygons.json,27,val
frankfurt_000000_021667_gtFine_polygons.json,16,val
frankfurt_000000_021879_gtFine_polygons.json,21,val
frankfurt_000000_022254_gtFine_polygons.json,15,val
frankfurt_000000_022797_gtFine_polygons.json,26,val
frankfurt_000001_000538_gtFine_polygons.json,14,val
frankfurt_000001_001464_gtFine_polygons.json,8,val
frankfurt_000001_002512_gtFine_polygons.json,12,val
frankfurt_000001_002646_gtFine_polygons.json,38,val
frankfurt_000001_002759_gtFine_polygons.json,23,val
frankfurt_000001_003056_gtFine_polygons.json,10,val
frankfurt_000001_003588_gtFine_polygons.json,20,val
frankfurt_000001_004327_gtFine_polygons.json,10,val
frankfurt_000001_004736_gtFine_polygons.json,13,val
frankfurt_000001_004859_gtFine_polygons.json,10,val
frankfurt_000001_005184_gtFine_polygons.json,19,val
frankfurt_000001_005410_gtFine_polygons.json,25,val
frankfurt_000001_005703_gtFine_polygons.json,18,val
frankfurt_000001_005898_gtFine_polygons.json,7,val
frankfurt_000001_007285_gtFine_polygons.json,14,val
frankfurt_000001_007407_gtFine_polygons.json,7,val
frankfurt_000001_007622_gtFine_polygons.json,12,val
frankfurt_000001_007857_gtFine_polygons.json,10,val
frankfurt_000001_007973_gtFine_polygons.json,18,val
frankfurt_000001_008200_gtFine_polygons.json,18,val
frankfurt_000001_008688_gtFine_polygons.json,12,val
frankfurt_000001_009058_gtFine_polygons.json,13,val
frankfurt_000001_009504_gtFine_polygons.json,26,val
frankfurt_000001_009854_gtFine_polygons.json,23,val
frankfurt_000001_010156_gtFine_polygons.json,21,val
frankfurt_000001_010444_gtFine_polygons.json,18,val
frankfurt_000001_010600_gtFine_polygons.json,17,val
frankfurt_000001_010830_gtFine_polygons.json,18,val
frankfurt_000001_011162_gtFine_polygons.json,31,val
frankfurt_000001_011715_gtFine_polygons.json,26,val
frankfurt_000001_011835_gtFine_polygons.json,25,val
frankfurt_000001_012038_gtFine_polygons.json,24,val
frankfurt_000001_012519_gtFine_polygons.json,27,val
frankfurt_000001_012699_gtFine_polygons.json,33,val
frankfurt_000001_012738_gtFine_polygons.json,28,val
frankfurt_000001_012870_gtFine_polygons.json,45,val
frankfurt_000001_013016_gtFine_polygons.json,32,val
frankfurt_000001_013496_gtFine_polygons.json,50,val
frankfurt_000001_013710_gtFine_polygons.json,32,val
frankfurt_000001_014221_gtFine_polygons.json,56,val
frankfurt_000001_014406_gtFine_polygons.json,31,val
frankfurt_000001_014565_gtFine_polygons.json,19,val
frankfurt_000001_014741_gtFine_polygons.json,25,val
frankfurt_000001_015091_gtFine_polygons.json,17,val
frankfurt_000001_015328_gtFine_polygons.json,39,val
frankfurt_000001_015768_gtFine_polygons.json,18,val
frankfurt_000001_016029_gtFine_polygons.json,22,val
frankfurt_000001_016273_gtFine_polygons.json,19,val
frankfurt_000001_016462_gtFine_polygons.json,25,val
frankfurt_000001_017101_gtFine_polygons.json,66,val
frankfurt_000001_017459_gtFine_polygons.json,32,val
frankfurt_000001_017842_gtFine_polygons.json,29,val
frankfurt_000001_018113_gtFine_polygons.json,12,val
frankfurt_000001_019698_gtFine_polygons.json,8,val
frankfurt_000001_019854_gtFine_polygons.json,19,val
frankfurt_000001_019969_gtFine_polygons.json,18,val
frankfurt_000001_020046_gtFine_polygons.json,17,val
frankfurt_000001_020287_gtFine_polygons.json,23,val
frankfurt_000001_020693_gtFine_polygons.json,24,val
frankfurt_000001_021406_gtFine_polygons.json,17,val
frankfurt_000001_021825_gtFine_polygons.json,16,val
frankfurt_000001_023235_gtFine_polygons.json,6,val
frankfurt_000001_023369_gtFine_polygons.json,10,val
frankfurt_000001_023769_gtFine_polygons.json,16,val
frankfurt_000001_024927_gtFine_polygons.json,23,val
frankfurt_000001_025512_gtFine_polygons.json,18,val
frankfurt_000001_025713_gtFine_polygons.json,13,val
frankfurt_000001_025921_gtFine_polygons.json,12,val
frankfurt_000001_027325_gtFine_polygons.json,9,val
frankfurt_000001_028232_gtFine_polygons.json,14,val
frankfurt_000001_028335_gtFine_polygons.json,24,val
frankfurt_000001_028590_gtFine_polygons.json,29,val
frankfurt_000001_028854_gtFine_polygons.json,19,val
frankfurt_000001_029086_gtFine_polygons.json,17,val
frankfurt_000001_029236_gtFine_polygons.json,18,val
frankfurt_000001_029600_gtFine_polygons.json,16,val
frankfurt_000001_030067_gtFine_polygons.json,22,val
frankfurt_000001_030310_gtFine_polygons.json,27,val
frankfurt_000001_030669_gtFine_polygons.json,12,val
frankfurt_000001_031266_gtFine_polygons.json,29,val
frankfurt_000001_031416_gtFine_polygons.json,30,val
frankfurt_000001_032018_gtFine_polygons.json,38,val
frankfurt_000001_032556_gtFine_polygons.json,35,val
frankfurt_000001_032711_gtFine_polygons.json,34,val
frankfurt_000001_032942_gtFine_polygons.json,31,val
frankfurt_000001_033655_gtFine_polygons.json,46,val
frankfurt_000001_034047_gtFine_polygons.json,25,val
frankfurt_000001_034816_gtFine_polygons.json,10,val
frankfurt_000001_035144_gtFine_polygons.json,37,val
frankfurt_000001_035864_gtFine_polygons.json,13,val
frankfurt_000001_037705_gtFine_polygons.json,30,val
frankfurt_000001_038245_gtFine_polygons.json,50,val
frankfurt_000001_038418_gtFine_polygons.json,18,val
frankfurt_000001_038645_gtFine_polygons.json,49,val
frankfurt_000001_038844_gtFine_polygons.json,20,val
frankfurt_000001_039895_gtFine_polygons.json,6,val
frankfurt_000001_040575_gtFine_polygons.json,24,val
frankfurt_000001_040732_gtFine_polygons.json,19,val
frankfurt_000001_041074_gtFine_polygons.json,11,val
frankfurt_000001_041354_gtFine_polygons.json,3,val
frankfurt_000001_041517_gtFine_polygons.json,4,val
frankfurt_000001_041664_gtFine_polygons.json,6,val
frankfurt_000001_042098_gtFine_polygons.json,16,val
frankfurt_000001_042384_gtFine_polygons.json,10,val
frankfurt_000001_042733_gtFine_polygons.json,14,val
frankfurt_000001_043395_gtFine_polygons.json,16,val
frankfurt_000001_043564_gtFine_polygons.json,7,val
frankfurt_000001_044227_gtFine_polygons.json,8,val
frankfurt_000001_044413_gtFine_polygons.json,13,val
frankfurt_000001_044525_gtFine_polygons.json,21,val
frankfurt_000001_044658_gtFine_polygons.json,25,val
frankfurt_000001_044787_gtFine_polygons.json,25,val
frankfurt_000001_046126_gtFine_polygons.json,18,val
frankfurt_000001_046272_gtFine_polygons.json,28,val
frankfurt_000001_046504_gtFine_polygons.json,25,val
frankfurt_000001_046779_gtFine_polygons.json,27,val
frankfurt_000001_047178_gtFine_polygons.json,17,val
frankfurt_000001_047552_gtFine_polygons.json,25,val
frankfurt_000001_048196_gtFine_polygons.json,19,val
frankfurt_000001_048355_gtFine_polygons.json,10,val
frankfurt_000001_048654_gtFine_polygons.json,21,val
frankfurt_000001_049078_gtFine_polygons.json,16,val
frankfurt_000001_049209_gtFine_polygons.json,28,val
frankfurt_000001_049298_gtFine_polygons.json,21,val
frankfurt_000001_049698_gtFine_polygons.json,23,val
frankfurt_000001_049770_gtFine_polygons.json,31,val
frankfurt_000001_050149_gtFine_polygons.json,35,val
frankfurt_000001_050686_gtFine_polygons.json,15,val
frankfurt_000001_051516_gtFine_polygons.json,2,val
frankfurt_000001_051737_gtFine_polygons.json,28,val
frankfurt_000001_051807_gtFine_polygons.json,33,val
frankfurt_000001_052120_gtFine_polygons.json,19,val
frankfurt_000001_052594_gtFine_polygons.json,43,val
frankfurt_000001_053102_gtFine_polygons.json,41,val
frankfurt_000001_054077_gtFine_polygons.json,12,val
frankfurt_000001_054219_gtFine_polygons.json,28,val
frankfurt_000001_054415_gtFine_polygons.json,42,val
frankfurt_000001_054640_gtFine_polygons.json,50,val
frankfurt_000001_054884_gtFine_polygons.json,30,val
frankfurt_000001_055062_gtFine_polygons.json,51,val
frankfurt_000001_055172_gtFine_polygons.json,18,val
frankfurt_000001_055306_gtFine_polygons.json,32,val
frankfurt_000001_055387_gtFine_polygons.json,41,val
frankfurt_000001_055538_gtFine_polygons.json,24,val
frankfurt_000001_055603_gtFine_polygons.json,48,val
frankfurt_000001_055709_gtFine_polygons.json,50,val
frankfurt_000001_056580_gtFine_polygons.json,28,val
frankfurt_000001_057181_gtFine_polygons.json,40,val
frankfurt_000001_057478_gtFine_polygons.json,51,val
frankfurt_000001_057954_gtFine_polygons.json,49,val
frankfurt_000001_058057_gtFine_polygons.json,24,val
frankfurt_000001_058176_gtFine_polygons.json,38,val
frankfurt_000001_058504_gtFine_polygons.json,19,val
frankfurt_000001_058914_gtFine_polygons.json,33,val
frankfurt_000001_059119_gtFine_polygons.json,38,val
frankfurt_000001_059642_gtFine_polygons.json,22,val
frankfurt_000001_059789_gtFine_polygons.json,29,val
frankfurt_000001_060135_gtFine_polygons.json,8,val
frankfurt_000001_060422_gtFine_polygons.json,37,val
frankfurt_000001_060545_gtFine_polygons.json,38,val
frankfurt_000001_060906_gtFine_polygons.json,21,val
frankfurt_000001_061682_gtFine_polygons.json,17,val
frankfurt_000001_061763_gtFine_polygons.json,13,val
frankfurt_000001_062016_gtFine_polygons.json,15,val
frankfurt_000001_062250_gtFine_polygons.json,18,val
frankfurt_000001_062396_gtFine_polygons.json,23,val
frankfurt_000001_062509_gtFine_polygons.json,20,val
frankfurt_000001_062653_gtFine_polygons.json,18,val
frankfurt_000001_062793_gtFine_polygons.json,28,val
frankfurt_000001_063045_gtFine_polygons.json,29,val
frankfurt_000001_064130_gtFine_polygons.json,25,val
frankfurt_000001_064305_gtFine_polygons.json,23,val
frankfurt_000001_064651_gtFine_polygons.json,30,val
frankfurt_000001_064798_gtFine_polygons.json,39,val
frankfurt_000001_064925_gtFine_polygons.json,31,val
frankfurt_000001_065160_gtFine_polygons.json,18,val
frankfurt_000001_065617_gtFine_polygons.json,21,val
frankfurt_000001_065850_gtFine_polygons.json,18,val
frankfurt_000001_066092_gtFine_polygons.json,4,val
frankfurt_000001_066438_gtFine_polygons.json,12,val
frankfurt_000001_066574_gtFine_polygons.json,22,val
frankfurt_000001_066832_gtFine_polygons.json,14,val
frankfurt_000001_067092_gtFine_polygons.json,36,val
frankfurt_000001_067178_gtFine_polygons.json,28,val
frankfurt_000001_067295_gtFine_polygons.json,43,val
frankfurt_000001_067474_gtFine_polygons.json,16,val
frankfurt_000001_067735_gtFine_polygons.json,21,val
frankfurt_000001_068063_gtFine_polygons.json,30,val
frankfurt_000001_068208_gtFine_polygons.json,19,val
frankfurt_000001_068682_gtFine_polygons.json,19,val
frankfurt_000001_068772_gtFine_polygons.json,39,val
frankfurt_000001_069633_gtFine_polygons.json,36,val
frankfurt_000001_070099_gtFine_polygons.json,20,val
frankfurt_000001_071288_gtFine_polygons.json,16,val
frankfurt_000001_071781_gtFine_polygons.json,11,val
frankfurt_000001_072155_gtFine_polygons.json,13,val
frankfurt_000001_072295_gtFine_polygons.json,12,val
frankfurt_000001_073088_gtFine_polygons.json,12,val
frankfurt_000001_073243_gtFine_polygons.json,42,val
frankfurt_000001_073464_gtFine_polygons.json,30,val
frankfurt_000001_073911_gtFine_polygons.json,27,val
frankfurt_000001_075296_gtFine_polygons.json,32,val
frankfurt_000001_075984_gtFine_polygons.json,22,val
frankfurt_000001_076502_gtFine_polygons.json,33,val
frankfurt_000001_077092_gtFine_polygons.json,38,val
frankfurt_000001_077233_gtFine_polygons.json,23,val
frankfurt_000001_077434_gtFine_polygons.json,23,val
frankfurt_000001_078803_gtFine_polygons.json,15,val
frankfurt_000001_079206_gtFine_polygons.json,12,val
frankfurt_000001_080091_gtFine_polygons.json,17,val
frankfurt_000001_080391_gtFine_polygons.json,26,val
frankfurt_000001_080830_gtFine_polygons.json,13,val
frankfurt_000001_082087_gtFine_polygons.json,27,val
frankfurt_000001_082466_gtFine_polygons.json,13,val
frankfurt_000001_083029_gtFine_polygons.json,17,val
frankfurt_000001_083199_gtFine_polygons.json,28,val
frankfurt_000001_083852_gtFine_polygons.json,18,val
lindau_000000_000019_gtFine_polygons.json,14,val
lindau_000001_000019_gtFine_polygons.json,5,val
lindau_000002_000019_gtFine_polygons.json,10,val
lindau_000003_000019_gtFine_polygons.json,6,val
lindau_000004_000019_gtFine_polygons.json,9,val
lindau_000005_000019_gtFine_polygons.json,29,val
lindau_000006_000019_gtFine_polygons.json,11,val
lindau_000007_000019_gtFine_polygons.json,13,val
lindau_000008_000019_gtFine_polygons.json,2,val
lindau_000009_000019_gtFine_polygons.json,12,val
lindau_000010_000019_gtFine_polygons.json,10,val
lindau_000011_000019_gtFine_polygons.json,4,val
lindau_000012_000019_gtFine_polygons.json,6,val
lindau_000013_000019_gtFine_polygons.json,20,val
lindau_000014_000019_gtFine_polygons.json,4,val
lindau_000015_000019_gtFine_polygons.json,5,val
lindau_000016_000019_gtFine_polygons.json,8,val
lindau_000017_000019_gtFine_polygons.json,0,val
lindau_000018_000019_gtFine_polygons.json,0,val
lindau_000019_000019_gtFine_polygons.json,0,val
lindau_000020_000019_gtFine_polygons.json,1,val
lindau_000021_000019_gtFine_polygons.json,0,val
lindau_000022_000019_gtFine_polygons.json,4,val
lindau_000023_000019_gtFine_polygons.json,8,val
lindau_000024_000019_gtFine_polygons.json,14,val
lindau_000025_000019_gtFine_polygons.json,10,val
lindau_000026_000019_gtFine_polygons.json,8,val
lindau_000027_000019_gtFine_polygons.json,6,val
lindau_000028_000019_gtFine_polygons.json,5,val
lindau_000029_000019_gtFine_polygons.json,7,val
lindau_000030_000019_gtFine_polygons.json,1,val
lindau_000031_000019_gtFine_polygons.json,2,val
lindau_000032_000019_gtFine_polygons.json,0,val
lindau_000033_000019_gtFine_polygons.json,11,val
lindau_000034_000019_gtFine_polygons.json,5,val
lindau_000035_000019_gtFine_polygons.json,6,val
lindau_000036_000019_gtFine_polygons.json,2,val
lindau_000037_000019_gtFine_polygons.json,7,val
lindau_000038_000019_gtFine_polygons.json,16,val
lindau_000039_000019_gtFine_polygons.json,8,val
lindau_000040_000019_gtFine_polygons.json,0,val
lindau_000041_000019_gtFine_polygons.json,10,val
lindau_000042_000019_gtFine_polygons.json,6,val
lindau_000043_000019_gtFine_polygons.json,4,val
lindau_000044_000019_gtFine_polygons.json,2,val
lindau_000045_000019_gtFine_polygons.json,0,val
lindau_000046_000019_gtFine_polygons.json,2,val
lindau_000047_000019_gtFine_polygons.json,2,val
lindau_000048_000019_gtFine_polygons.json,1,val
lindau_000049_000019_gtFine_polygons.json,0,val
lindau_000050_000019_gtFine_polygons.json,1,val
lindau_000051_000019_gtFine_polygons.json,6,val
lindau_000052_000019_gtFine_polygons.json,3,val
lindau_000053_000019_gtFine_polygons.json,4,val
lindau_000054_000019_gtFine_polygons.json,2,val
lindau_000055_000019_gtFine_polygons.json,9,val
lindau_000056_000019_gtFine_polygons.json,13,val
lindau_000057_000019_gtFine_polygons.json,13,val
lindau_000058_000019_gtFine_polygons.json,4,val
munster_000000_000019_gtFine_polygons.json,30,val
munster_000001_000019_gtFine_polygons.json,15,val
munster_000002_000019_gtFine_polygons.json,14,val
munster_000003_000019_gtFine_polygons.json,26,val
munster_000004_000019_gtFine_polygons.json,13,val
munster_000005_000019_gtFine_polygons.json,7,val
munster_000006_000019_gtFine_polygons.json,8,val
munster_000007_000019_gtFine_polygons.json,23,val
munster_000008_000019_gtFine_polygons.json,26,val
munster_000009_000019_gtFine_polygons.json,18,val
munster_000010_000019_gtFine_polygons.json,37,val
munster_000011_000019_gtFine_polygons.json,32,val
munster_000012_000019_gtFine_polygons.json,22,val
munster_000013_000019_gtFine_polygons.json,34,val
munster_000014_000019_gtFine_polygons.json,39,val
munster_000015_000019_gtFine_polygons.json,40,val
munster_000016_000019_gtFine_polygons.json,20,val
munster_000017_000019_gtFine_polygons.json,24,val
munster_000018_000019_gtFine_polygons.json,12,val
munster_000019_000019_gtFine_polygons.json,21,val
munster_000020_000019_gtFine_polygons.json,19,val
munster_000021_000019_gtFine_polygons.json,19,val
munster_000022_000019_gtFine_polygons.json,24,val
munster_000023_000019_gtFine_polygons.json,20,val
munster_000024_000019_gtFine_polygons.json,21,val
munster_000025_000019_gtFine_polygons.json,26,val
munster_000026_000019_gtFine_polygons.json,30,val
munster_000027_000019_gtFine_polygons.json,28,val
munster_000028_000019_gtFine_polygons.json,23,val
munster_000029_000019_gtFine_polygons.json,25,val
munster_000030_000019_gtFine_polygons.json,9,val
munster_000031_000019_gtFine_polygons.json,33,val
munster_000032_000019_gtFine_polygons.json,29,val
munster_000033_000019_gtFine_polygons.json,17,val
munster_000034_000019_gtFine_polygons.json,17,val
munster_000035_000019_gtFine_polygons.json,12,val
munster_000036_000019_gtFine_polygons.json,16,val
munster_000037_000019_gtFine_polygons.json,12,val
munster_000038_000019_gtFine_polygons.json,38,val
munster_000039_000019_gtFine_polygons.json,20,val
munster_000040_000019_gtFine_polygons.json,27,val
munster_000041_000019_gtFine_polygons.json,27,val
munster_000042_000019_gtFine_polygons.json,35,val
munster_000043_000019_gtFine_polygons.json,16,val
munster_000044_000019_gtFine_polygons.json,32,val
munster_000045_000019_gtFine_polygons.json,22,val
munster_000046_000019_gtFine_polygons.json,24,val
munster_000047_000019_gtFine_polygons.json,31,val
munster_000048_000019_gtFine_polygons.json,34,val
munster_000049_000019_gtFine_polygons.json,31,val
munster_000050_000019_gtFine_polygons.json,18,val
munster_000051_000019_gtFine_polygons.json,18,val
munster_000052_000019_gtFine_polygons.json,46,val
munster_000053_000019_gtFine_polygons.json,18,val
munster_000054_000019_gtFine_polygons.json,21,val
munster_000055_000019_gtFine_polygons.json,18,val
munster_000056_000019_gtFine_polygons.json,37,val
munster_000057_000019_gtFine_polygons.json,35,val
munster_000058_000019_gtFine_polygons.json,16,val
munster_000059_000019_gtFine_polygons.json,27,val
munster_000060_000019_gtFine_polygons.json,37,val
munster_000061_000019_gtFine_polygons.json,27,val
munster_000062_000019_gtFine_polygons.json,33,val
munster_000063_000019_gtFine_polygons.json,33,val
munster_000064_000019_gtFine_polygons.json,15,val
munster_000065_000019_gtFine_polygons.json,17,val
munster_000066_000019_gtFine_polygons.json,36,val
munster_000067_000019_gtFine_polygons.json,16,val
munster_000068_000019_gtFine_polygons.json,30,val
munster_000069_000019_gtFine_polygons.json,37,val
munster_000070_000019_gtFine_polygons.json,37,val
munster_000071_000019_gtFine_polygons.json,30,val
munster_000072_000019_gtFine_polygons.json,31,val
munster_000073_000019_gtFine_polygons.json,24,val
munster_000074_000019_gtFine_polygons.json,25,val
munster_000075_000019_gtFine_polygons.json,21,val
munster_000076_000019_gtFine_polygons.json,7,val
munster_000077_000019_gtFine_polygons.json,14,val
munster_000078_000019_gtFine_polygons.json,33,val
munster_000079_000019_gtFine_polygons.json,23,val
munster_000080_000019_gtFine_polygons.json,22,val
munster_000081_000019_gtFine_polygons.json,21,val
munster_000082_000019_gtFine_polygons.json,13,val
munster_000083_000019_gtFine_polygons.json,13,val
munster_000084_000019_gtFine_polygons.json,15,val
munster_000085_000019_gtFine_polygons.json,23,val
munster_000086_000019_gtFine_polygons.json,27,val
munster_000087_000019_gtFine_polygons.json,18,val
munster_000088_000019_gtFine_polygons.json,22,val
munster_000089_000019_gtFine_polygons.json,30,val
munster_000090_000019_gtFine_polygons.json,30,val
munster_000091_000019_gtFine_polygons.json,25,val
munster_000092_000019_gtFine_polygons.json,30,val
munster_000093_000019_gtFine_polygons.json,20,val
munster_000094_000019_gtFine_polygons.json,39,val
munster_000095_000019_gtFine_polygons.json,17,val
munster_000096_000019_gtFine_polygons.json,24,val
munster_000097_000019_gtFine_polygons.json,30,val
munster_000098_000019_gtFine_polygons.json,28,val
munster_000099_000019_gtFine_polygons.json,19,val
munster_000100_000019_gtFine_polygons.json,2,val
munster_000101_000019_gtFine_polygons.json,15,val
munster_000102_000019_gtFine_polygons.json,16,val
munster_000103_000019_gtFine_polygons.json,22,val
munster_000104_000019_gtFine_polygons.json,29,val
munster_000105_000019_gtFine_polygons.json,27,val
munster_000106_000019_gtFine_polygons.json,24,val
munster_000107_000019_gtFine_polygons.json,12,val
munster_000108_000019_gtFine_polygons.json,20,val
munster_000109_000019_gtFine_polygons.json,12,val
munster_000110_000019_gtFine_polygons.json,23,val
munster_000111_000019_gtFine_polygons.json,28,val
munster_000112_000019_gtFine_polygons.json,21,val
munster_000113_000019_gtFine_polygons.json,7,val
munster_000114_000019_gtFine_polygons.json,18,val
munster_000115_000019_gtFine_polygons.json,16,val
munster_000116_000019_gtFine_polygons.json,13,val
munster_000117_000019_gtFine_polygons.json,10,val
munster_000118_000019_gtFine_polygons.json,10,val
munster_000119_000019_gtFine_polygons.json,15,val
munster_000120_000019_gtFine_polygons.json,13,val
munster_000121_000019_gtFine_polygons.json,15,val
munster_000122_000019_gtFine_polygons.json,8,val
munster_000123_000019_gtFine_polygons.json,20,val
munster_000124_000019_gtFine_polygons.json,16,val
munster_000125_000019_gtFine_polygons.json,14,val
munster_000126_000019_gtFine_polygons.json,12,val
munster_000127_000019_gtFine_polygons.json,13,val
munster_000128_000019_gtFine_polygons.json,23,val
munster_000129_000019_gtFine_polygons.json,29,val
munster_000130_000019_gtFine_polygons.json,12,val
munster_000131_000019_gtFine_polygons.json,14,val
munster_000132_000019_gtFine_polygons.json,16,val
munster_000133_000019_gtFine_polygons.json,10,val
munster_000134_000019_gtFine_polygons.json,26,val
munster_000135_000019_gtFine_polygons.json,11,val
munster_000136_000019_gtFine_polygons.json,9,val
munster_000137_000019_gtFine_polygons.json,11,val
munster_000138_000019_gtFine_polygons.json,37,val
munster_000139_000019_gtFine_polygons.json,45,val
munster_000140_000019_gtFine_polygons.json,37,val
munster_000141_000019_gtFine_polygons.json,43,val
munster_000142_000019_gtFine_polygons.json,37,val
munster_000143_000019_gtFine_polygons.json,35,val
munster_000144_000019_gtFine_polygons.json,41,val
munster_000145_000019_gtFine_polygons.json,46,val
munster_000146_000019_gtFine_polygons.json,44,val
munster_000147_000019_gtFine_polygons.json,29,val
munster_000148_000019_gtFine_polygons.json,45,val
munster_000149_000019_gtFine_polygons.json,28,val
munster_000150_000019_gtFine_polygons.json,29,val
munster_000151_000019_gtFine_polygons.json,22,val
munster_000152_000019_gtFine_polygons.json,15,val
munster_000153_000019_gtFine_polygons.json,27,val
munster_000154_000019_gtFine_polygons.json,21,val
munster_000155_000019_gtFine_polygons.json,29,val
munster_000156_000019_gtFine_polygons.json,23,val
munster_000157_000019_gtFine_polygons.json,14,val
munster_000158_000019_gtFine_polygons.json,21,val
munster_000159_000019_gtFine_polygons.json,13,val
munster_000160_000019_gtFine_polygons.json,29,val
munster_000161_000019_gtFine_polygons.json,8,val
munster_000162_000019_gtFine_polygons.json,12,val
munster_000163_000019_gtFine_polygons.json,7,val
munster_000164_000019_gtFine_polygons.json,5,val
munster_000165_000019_gtFine_polygons.json,28,val
munster_000166_000019_gtFine_polygons.json,24,val
munster_000167_000019_gtFine_polygons.json,28,val
munster_000168_000019_gtFine_polygons.json,12,val
munster_000169_000019_gtFine_polygons.json,41,val
munster_000170_000019_gtFine_polygons.json,12,val
munster_000171_000019_gtFine_polygons.json,10,val
munster_000172_000019_gtFine_polygons.json,24,val
munster_000173_000019_gtFine_polygons.json,4,val
